ts,invest,money,buy,sell
1282262400,10000.000,10000.000,10000.000,0.000
1282867200,10000.000,10009.000,0.000,0.000
1283472000,10000.000,10060.000,0.000,0.000
1284076800,10000.000,10060.000,0.000,0.000
1284681600,10000.000,10040.000,0.000,0.000
1285027200,10000.000,10049.000,0.000,0.000
1285804800,10000.000,10069.000,0.000,0.000
1286496000,10000.000,10129.000,0.000,0.000
1287100800,10000.000,9940.000,0.000,0.000
1287705600,10000.000,10100.000,0.000,0.000
1288051200,10000.000,10189.000,0.000,0.000
1288137600,10000.000,10140.000,0.000,0.000
1288224000,10000.000,10129.000,0.000,0.000
1288310400,10000.000,10169.000,0.000,0.000
1288569600,10000.000,10260.000,0.000,0.000
1288656000,10000.000,10240.000,0.000,0.000
1288742400,10000.000,10240.000,0.000,0.000
1288828800,10000.000,10300.000,0.000,0.000
1288915200,10000.000,10330.000,0.000,0.000
1289174400,10000.000,10380.000,0.000,0.000
1289260800,10000.000,10450.000,0.000,0.000
1289347200,10000.000,10580.000,0.000,0.000
1289433600,10000.000,10510.000,0.000,0.000
1289520000,10000.000,10200.000,0.000,0.000
1289779200,10000.000,10420.000,0.000,0.000
1289865600,10000.000,10270.000,0.000,0.000
1289952000,10000.000,10020.000,0.000,0.000
1290038400,10000.000,10100.000,0.000,0.000
1290124800,10000.000,10260.000,0.000,0.000
1290384000,10000.000,10310.000,0.000,0.000
1290470400,10000.000,10220.000,0.000,0.000
1290556800,10000.000,10360.000,0.000,0.000
1290643200,10000.000,10440.000,0.000,0.000
1290729600,10000.000,10420.000,0.000,0.000
1290988800,10000.000,10440.000,0.000,0.000
1291075200,10000.000,10280.000,0.000,0.000
1291161600,10000.000,10240.000,0.000,0.000
1291248000,10000.000,10200.000,0.000,0.000
1291334400,10000.000,10140.000,0.000,0.000
1291593600,10000.000,10020.000,0.000,0.000
1291680000,10000.000,10089.000,0.000,0.000
1291766400,10000.000,10080.000,0.000,0.000
1291852800,10000.000,9930.000,0.000,0.000
1291939200,10000.000,9990.000,0.000,0.000
1292198400,10000.000,10180.000,0.000,0.000
1292284800,10000.000,10209.000,0.000,0.000
1292371200,10000.000,10160.000,0.000,0.000
1292457600,10000.000,10129.000,0.000,0.000
1292544000,10000.000,10100.000,0.000,0.000
1292803200,10000.000,10020.000,0.000,0.000
1292889600,10000.000,10040.000,0.000,0.000
1292976000,10000.000,9950.000,0.000,0.000
1293062400,10000.000,9850.000,0.000,0.000
1293148800,10000.000,9750.000,0.000,0.000
1293408000,10000.000,9580.000,0.000,0.000
1293494400,10000.000,9520.000,0.000,0.000
1293580800,10000.000,9630.000,0.000,0.000
1293667200,10000.000,9660.000,0.000,0.000
1293753600,10000.000,9830.000,0.000,0.000
1294099200,10000.000,9860.000,0.000,0.000
1294185600,10000.000,9800.000,0.000,0.000
1294272000,10000.000,9750.000,0.000,0.000
1294358400,10000.000,9710.000,0.000,0.000
1294617600,10000.000,9520.000,0.000,0.000
1294704000,10000.000,9500.000,0.000,0.000
1294790400,10000.000,9510.000,0.000,0.000
1294876800,10000.000,9570.000,0.000,0.000
1294963200,10000.000,9480.000,0.000,0.000
1295222400,10000.000,9180.000,0.000,0.000
1295308800,10000.000,9270.000,0.000,0.000
1295395200,10000.000,9400.000,0.000,0.000
1295481600,10000.000,9160.000,0.000,0.000
1295568000,10000.000,9110.000,0.000,0.000
1295827200,10000.000,8940.000,0.000,0.000
1295913600,10000.000,8870.000,0.000,0.000
1296000000,10000.000,8970.000,0.000,0.000
1296086400,10000.000,9050.000,0.000,0.000
1296172800,10000.000,9150.000,0.000,0.000
1296432000,10000.000,9230.000,0.000,0.000
1296518400,10000.000,9210.000,0.000,0.000
1297209600,10000.000,9180.000,0.000,0.000
1297296000,10000.000,9400.000,0.000,0.000
1297382400,10000.000,9490.000,0.000,0.000
1297641600,10000.000,9620.000,0.000,0.000
1297728000,10000.000,9570.000,0.000,0.000
1297814400,10000.000,9620.000,0.000,0.000
1297900800,10000.000,9560.000,0.000,0.000
1297987200,10000.000,9520.000,0.000,0.000
1298246400,10000.000,9670.000,0.000,0.000
1298332800,10000.000,9490.000,0.000,0.000
1298419200,10000.000,9520.000,0.000,0.000
1298505600,10000.000,9510.000,0.000,0.000
1298592000,10000.000,9540.000,0.000,0.000
1298851200,10000.000,9670.000,0.000,0.000
1298937600,10000.000,9750.000,0.000,0.000
1299024000,10000.000,9770.000,0.000,0.000
1299110400,10000.000,9640.000,0.000,0.000
1299196800,10000.000,9720.000,0.000,0.000
1299456000,10000.000,9810.000,0.000,0.000
1299542400,10000.000,9860.000,0.000,0.000
1299628800,10000.000,9870.000,0.000,0.000
1299715200,10000.000,9850.000,0.000,0.000
1299801600,10000.000,9790.000,0.000,0.000
1300060800,10000.000,9870.000,0.000,0.000
1300147200,10000.000,9700.000,0.000,0.000
1300233600,10000.000,9800.000,0.000,0.000
1300320000,10000.000,9640.000,0.000,0.000
1300406400,10000.000,9650.000,0.000,0.000
1300665600,10000.000,9570.000,0.000,0.000
1300752000,10000.000,9560.000,0.000,0.000
1300838400,10000.000,9640.000,0.000,0.000
1300924800,10000.000,9610.000,0.000,0.000
1301011200,10000.000,9640.000,0.000,0.000
1301270400,10000.000,9510.000,0.000,0.000
1301356800,10000.000,9340.000,0.000,0.000
1301443200,10000.000,9310.000,0.000,0.000
1301529600,10000.000,9290.000,0.000,0.000
1301616000,10000.000,9330.000,0.000,0.000
1302048000,10000.000,9240.000,0.000,0.000
1302134400,10000.000,9300.000,0.000,0.000
1302220800,10000.000,9430.000,0.000,0.000
1302480000,10000.000,9350.000,0.000,0.000
1302566400,10000.000,9360.000,0.000,0.000
1302652800,10000.000,9500.000,0.000,0.000
1302739200,10000.000,9480.000,0.000,0.000
1302825600,10000.000,9460.000,0.000,0.000
1303084800,10000.000,9450.000,0.000,0.000
1303171200,10000.000,9470.000,0.000,0.000
1303257600,10000.000,9540.000,0.000,0.000
1303344000,10000.000,9560.000,0.000,0.000
1303430400,10000.000,9530.000,0.000,0.000
1303689600,10000.000,9620.000,0.000,0.000
1303776000,10000.000,9500.000,0.000,0.000
1303862400,10000.000,9440.000,0.000,0.000
1303948800,10000.000,9240.000,0.000,0.000
1304035200,10000.000,9350.000,0.000,0.000
1304380800,10000.000,9480.000,0.000,0.000
1304467200,10000.000,9380.000,0.000,0.000
1304553600,10000.000,9500.000,0.000,0.000
1304640000,10000.000,9550.000,0.000,0.000
1304899200,10000.000,9580.000,0.000,0.000
1304985600,10000.000,9550.000,0.000,0.000
1305072000,10000.000,9580.000,0.000,0.000
1305158400,10000.000,9570.000,0.000,0.000
1305244800,10000.000,9560.000,0.000,0.000
1305504000,10000.000,9550.000,0.000,0.000
1305590400,10000.000,9470.000,0.000,0.000
1305676800,10000.000,9550.000,0.000,0.000
1305763200,10000.000,9570.000,0.000,0.000
1305849600,10000.000,9560.000,0.000,0.000
1306108800,10000.000,9280.000,0.000,0.000
1306195200,10000.000,9230.000,0.000,0.000
1306281600,10000.000,9120.000,0.000,0.000
1306368000,10000.000,9070.000,0.000,0.000
1306454400,10000.000,8940.000,0.000,0.000
1306713600,10000.000,8970.000,0.000,0.000
1306800000,10000.000,9050.000,0.000,0.000
1306886400,10000.000,9170.000,0.000,0.000
1306972800,10000.000,9140.000,0.000,0.000
1307059200,10000.000,9270.000,0.000,0.000
1307404800,10000.000,9300.000,0.000,0.000
1307491200,10000.000,9320.000,0.000,0.000
1307577600,10000.000,9180.000,0.000,0.000
1307664000,10000.000,9230.000,0.000,0.000
1307923200,10000.000,9120.000,0.000,0.000
1308009600,10000.000,9200.000,0.000,0.000
1308096000,10000.000,9150.000,0.000,0.000
1308182400,10000.000,9040.000,0.000,0.000
1308268800,10000.000,8980.000,0.000,0.000
1308528000,10000.000,8870.000,0.000,0.000
1308614400,10000.000,8980.000,0.000,0.000
1308700800,10000.000,9040.000,0.000,0.000
1308787200,10000.000,9140.000,0.000,0.000
1308873600,10000.000,9280.000,0.000,0.000
1309132800,10000.000,9360.000,0.000,0.000
1309219200,10000.000,9350.000,0.000,0.000
1309305600,10000.000,9280.000,0.000,0.000
1309392000,10000.000,9390.000,0.000,0.000
1309478400,10000.000,9410.000,0.000,0.000
1309737600,10000.000,9620.000,0.000,0.000
1309824000,10000.000,9640.000,0.000,0.000
1309910400,10000.000,9630.000,0.000,0.000
1309996800,10000.000,9730.000,0.000,0.000
1310083200,10000.000,9760.000,0.000,0.000
1310342400,10000.000,9890.000,0.000,0.000
1310428800,10000.000,9850.000,0.000,0.000
1310515200,10000.000,10009.000,0.000,0.000
1310601600,10000.000,9960.000,0.000,0.000
1310688000,10000.000,9990.000,0.000,0.000
1310947200,10000.000,10049.000,0.000,0.000
1311033600,10000.000,9910.000,0.000,0.000
1311120000,10000.000,9950.000,0.000,0.000
1311206400,10000.000,9980.000,0.000,0.000
1311292800,10000.000,9990.000,0.000,0.000
1311552000,10000.000,9700.000,0.000,0.000
1311638400,10000.000,9730.000,0.000,0.000
1311724800,10000.000,9850.000,0.000,0.000
1311811200,10000.000,9840.000,0.000,0.000
1311897600,10000.000,9770.000,0.000,0.000
1312156800,10000.000,9740.000,0.000,0.000
1312243200,10000.000,9690.000,0.000,0.000
1312329600,10000.000,9760.000,0.000,0.000
1312416000,10000.000,9820.000,0.000,0.000
1312502400,10000.000,9770.000,0.000,0.000
1312761600,10000.000,9620.000,0.000,0.000
1312848000,10000.000,9680.000,0.000,0.000
1312934400,10000.000,9820.000,0.000,0.000
1313020800,10000.000,10080.000,0.000,0.000
1313107200,10000.000,10100.000,0.000,0.000
1313366400,10000.000,10109.000,0.000,0.000
1313452800,10000.000,10020.000,0.000,0.000
1313539200,10000.000,10009.000,0.000,0.000
1313625600,10000.000,9900.000,0.000,0.000
1313712000,10000.000,9900.000,0.000,0.000
1313971200,10000.000,9690.000,0.000,0.000
1314057600,10000.000,9750.000,0.000,0.000
1314144000,10000.000,9730.000,0.000,0.000
1314230400,10000.000,9890.000,0.000,0.000
1314316800,10000.000,9880.000,0.000,0.000
1314576000,10000.000,9920.000,0.000,0.000
1314662400,10000.000,9870.000,0.000,0.000
1314748800,10000.000,9880.000,0.000,0.000
1314835200,10000.000,9800.000,0.000,0.000
1314921600,10000.000,9700.000,0.000,0.000
1315180800,10000.000,9610.000,0.000,0.000
1315267200,10000.000,9490.000,0.000,0.000
1315353600,10000.000,9650.000,0.000,0.000
1315440000,10000.000,9600.000,0.000,0.000
1315526400,10000.000,9520.000,0.000,0.000
1315872000,10000.000,9430.000,0.000,0.000
1315958400,10000.000,9450.000,0.000,0.000
1316044800,10000.000,9460.000,0.000,0.000
1316131200,10000.000,9480.000,0.000,0.000
1316390400,10000.000,9350.000,0.000,0.000
1316476800,10000.000,9330.000,0.000,0.000
1316563200,10000.000,9490.000,0.000,0.000
1316649600,10000.000,9330.000,0.000,0.000
1316736000,10000.000,9160.000,0.000,0.000
1316995200,10000.000,9000.000,0.000,0.000
1317081600,10000.000,9070.000,0.000,0.000
1317168000,10000.000,9010.000,0.000,0.000
1317254400,10000.000,8890.000,0.000,0.000
1317340800,10000.000,8880.000,0.000,0.000
1318204800,10000.000,8760.000,0.000,0.000
1318291200,10000.000,8690.000,0.000,0.000
1318377600,10000.000,8910.000,0.000,0.000
1318464000,10000.000,8990.000,0.000,0.000
1318550400,10000.000,8960.000,0.000,0.000
1318809600,10000.000,9070.000,0.000,0.000
1318896000,10000.000,8970.000,0.000,0.000
1318982400,10000.000,8920.000,0.000,0.000
1319068800,10000.000,8730.000,0.000,0.000
1319155200,10000.000,8680.000,0.000,0.000
1319414400,10000.000,8850.000,0.000,0.000
1319500800,10000.000,9010.000,0.000,0.000
1319587200,10000.000,9110.000,0.000,0.000
1319673600,10000.000,9130.000,0.000,0.000
1319760000,10000.000,9220.000,0.000,0.000
1320019200,10000.000,9240.000,0.000,0.000
1320105600,10000.000,9270.000,0.000,0.000
1320192000,10000.000,9410.000,0.000,0.000
1320278400,10000.000,9440.000,0.000,0.000
1320364800,10000.000,9500.000,0.000,0.000
1320624000,10000.000,9480.000,0.000,0.000
1320710400,10000.000,9430.000,0.000,0.000
1320796800,10000.000,9490.000,0.000,0.000
1320883200,10000.000,9440.000,0.000,0.000
1320969600,10000.000,9430.000,0.000,0.000
1321228800,10000.000,9530.000,0.000,0.000
1321315200,10000.000,9490.000,0.000,0.000
1321401600,10000.000,9340.000,0.000,0.000
1321488000,10000.000,9330.000,0.000,0.000
1321574400,10000.000,9210.000,0.000,0.000
1321833600,10000.000,9210.000,0.000,0.000
1321920000,10000.000,9240.000,0.000,0.000
1322006400,10000.000,9240.000,0.000,0.000
1322092800,10000.000,9260.000,0.000,0.000
1322179200,10000.000,9220.000,0.000,0.000
1322438400,10000.000,9260.000,0.000,0.000
1322524800,10000.000,9330.000,0.000,0.000
1322611200,10000.000,9160.000,0.000,0.000
1322697600,10000.000,9240.000,0.000,0.000
1322784000,10000.000,9140.000,0.000,0.000
1323043200,10000.000,8970.000,0.000,0.000
1323129600,10000.000,8900.000,0.000,0.000
1323216000,10000.000,8920.000,0.000,0.000
1323302400,10000.000,8910.000,0.000,0.000
1323388800,10000.000,8780.000,0.000,0.000
1323648000,10000.000,8680.000,0.000,0.000
1323734400,10000.000,8530.000,0.000,0.000
1323820800,10000.000,8470.000,0.000,0.000
1323907200,10000.000,8440.000,0.000,0.000
1323993600,10000.000,8550.000,0.000,0.000
1324252800,10000.000,8550.000,0.000,0.000
1324339200,10000.000,8540.000,0.000,0.000
1324425600,10000.000,8460.000,0.000,0.000
1324512000,10000.000,8470.000,0.000,0.000
1324598400,10000.000,8500.000,0.000,0.000
1324857600,10000.000,8400.000,0.000,0.000
1324944000,10000.000,8189.000,0.000,0.000
1325030400,10000.000,8169.000,0.000,0.000
1325116800,10000.000,8230.000,0.000,0.000
1325203200,10000.000,8350.000,0.000,0.000
1325289600,10000.000,8350.000,0.000,0.000
1325635200,10000.000,8110.000,0.000,0.000
1325721600,10000.000,7870.000,0.000,0.000
1325808000,10000.000,7850.000,0.000,0.000
1326067200,10000.000,7990.000,0.000,0.000
1326153600,10000.000,8189.000,0.000,0.000
1326240000,10000.000,8159.000,0.000,0.000
1326326400,10000.000,8070.000,0.000,0.000
1326412800,10000.000,7860.000,0.000,0.000
1326672000,10000.000,7590.000,0.000,0.000
1326758400,10000.000,7850.000,0.000,0.000
1326844800,10000.000,7670.000,0.000,0.000
1326931200,10000.000,7780.000,0.000,0.000
1327017600,10000.000,7970.000,0.000,0.000
1327881600,10000.000,7910.000,0.000,0.000
1327968000,10000.000,7930.000,0.000,0.000
1328054400,10000.000,7910.000,0.000,0.000
1328140800,10000.000,7970.000,0.000,0.000
1328227200,10000.000,8040.000,0.000,0.000
1328486400,10000.000,8110.000,0.000,0.000
1328572800,10000.000,8010.000,0.000,0.000
1328659200,10000.000,8120.000,0.000,0.000
1328745600,10000.000,8149.000,0.000,0.000
1328832000,10000.000,8139.000,0.000,0.000
1329091200,10000.000,8230.000,0.000,0.000
1329177600,10000.000,8240.000,0.000,0.000
1329264000,10000.000,8320.000,0.000,0.000
1329350400,10000.000,8330.000,0.000,0.000
1329436800,10000.000,8310.000,0.000,0.000
1329696000,10000.000,8320.000,0.000,0.000
1329782400,10000.000,8370.000,0.000,0.000
1329868800,10000.000,8460.000,0.000,0.000
1329955200,10000.000,8520.000,0.000,0.000
1330041600,10000.000,8610.000,0.000,0.000
1330300800,10000.000,8660.000,0.000,0.000
1330387200,10000.000,8640.000,0.000,0.000
1330473600,10000.000,8600.000,0.000,0.000
1330560000,10000.000,8640.000,0.000,0.000
1330646400,10000.000,8750.000,0.000,0.000
1330905600,10000.000,8710.000,0.000,0.000
1330992000,10000.000,8650.000,0.000,0.000
1331078400,10000.000,8670.000,0.000,0.000
1331164800,10000.000,8730.000,0.000,0.000
1331251200,10000.000,8880.000,0.000,0.000
1331510400,10000.000,8900.000,0.000,0.000
1331596800,10000.000,9000.000,0.000,0.000
1331683200,10000.000,8840.000,0.000,0.000
1331769600,10000.000,8930.000,0.000,0.000
1331856000,10000.000,9110.000,0.000,0.000
1332115200,10000.000,9090.000,0.000,0.000
1332201600,10000.000,8880.000,0.000,0.000
1332288000,10000.000,8800.000,0.000,0.000
1332374400,10000.000,8770.000,0.000,0.000
1332460800,10000.000,8650.000,0.000,0.000
1332720000,10000.000,8700.000,0.000,0.000
1332806400,10000.000,8600.000,0.000,0.000
1332892800,10000.000,8360.000,0.000,0.000
1332979200,10000.000,8310.000,0.000,0.000
1333065600,10000.000,8280.000,0.000,0.000
1333584000,10000.000,8490.000,0.000,0.000
1333670400,10000.000,8530.000,0.000,0.000
1333929600,10000.000,8490.000,0.000,0.000
1334016000,10000.000,8490.000,0.000,0.000
1334102400,10000.000,8500.000,0.000,0.000
1334188800,10000.000,8610.000,0.000,0.000
1334275200,10000.000,8610.000,0.000,0.000
1334534400,10000.000,8610.000,0.000,0.000
1334620800,10000.000,8490.000,0.000,0.000
1334707200,10000.000,8650.000,0.000,0.000
1334793600,10000.000,8600.000,0.000,0.000
1334880000,10000.000,8630.000,0.000,0.000
1335139200,10000.000,8560.000,0.000,0.000
1335225600,10000.000,8510.000,0.000,0.000
1335312000,10000.000,8620.000,0.000,0.000
1335398400,10000.000,8700.000,0.000,0.000
1335484800,10000.000,8700.000,0.000,0.000
1335916800,10000.000,8770.000,0.000,0.000
1336003200,10000.000,8820.000,0.000,0.000
1336089600,10000.000,8960.000,0.000,0.000
1336348800,10000.000,9020.000,0.000,0.000
1336435200,10000.000,9000.000,0.000,0.000
1336521600,10000.000,8860.000,0.000,0.000
1336608000,10000.000,8860.000,0.000,0.000
1336694400,10000.000,8830.000,0.000,0.000
1336953600,10000.000,8740.000,0.000,0.000
1337040000,10000.000,8800.000,0.000,0.000
1337126400,10000.000,8730.000,0.000,0.000
1337212800,10000.000,8800.000,0.000,0.000
1337299200,10000.000,8650.000,0.000,0.000
1337558400,10000.000,8680.000,0.000,0.000
1337644800,10000.000,8780.000,0.000,0.000
1337731200,10000.000,8770.000,0.000,0.000
1337817600,10000.000,8630.000,0.000,0.000
1337904000,10000.000,8520.000,0.000,0.000
1338163200,10000.000,8610.000,0.000,0.000
1338249600,10000.000,8690.000,0.000,0.000
1338336000,10000.000,8640.000,0.000,0.000
1338422400,10000.000,8690.000,0.000,0.000
1338508800,10000.000,8740.000,0.000,0.000
1338768000,10000.000,8590.000,0.000,0.000
1338854400,10000.000,8620.000,0.000,0.000
1338940800,10000.000,8560.000,0.000,0.000
1339027200,10000.000,8600.000,0.000,0.000
1339113600,10000.000,8570.000,0.000,0.000
1339372800,10000.000,8650.000,0.000,0.000
1339459200,10000.000,8700.000,0.000,0.000
1339545600,10000.000,8920.000,0.000,0.000
1339632000,10000.000,8970.000,0.000,0.000
1339718400,10000.000,8880.000,0.000,0.000
1339977600,10000.000,8950.000,0.000,0.000
1340064000,10000.000,8900.000,0.000,0.000
1340150400,10000.000,8850.000,0.000,0.000
1340236800,10000.000,8790.000,0.000,0.000
1340582400,10000.000,8670.000,0.000,0.000
1340668800,10000.000,8660.000,0.000,0.000
1340755200,10000.000,8650.000,0.000,0.000
1340841600,10000.000,8610.000,0.000,0.000
1340928000,10000.000,8730.000,0.000,0.000
1341014400,10000.000,8730.000,0.000,0.000
1341187200,10000.000,8770.000,0.000,0.000
1341273600,10000.000,8850.000,0.000,0.000
1341360000,10000.000,8850.000,0.000,0.000
1341446400,10000.000,8770.000,0.000,0.000
1341532800,10000.000,9010.000,0.000,0.000
1341792000,10000.000,8930.000,0.000,0.000
1341878400,10000.000,8840.000,0.000,0.000
1341964800,10000.000,8890.000,0.000,0.000
1342051200,10000.000,8940.000,0.000,0.000
1342137600,10000.000,8940.000,0.000,0.000
1342396800,10000.000,8690.000,0.000,0.000
1342483200,10000.000,8630.000,0.000,0.000
1342569600,10000.000,8610.000,0.000,0.000
1342656000,10000.000,8660.000,0.000,0.000
1342742400,10000.000,8630.000,0.000,0.000
1343001600,10000.000,8580.000,0.000,0.000
1343088000,10000.000,8640.000,0.000,0.000
1343174400,10000.000,8610.000,0.000,0.000
1343260800,10000.000,8510.000,0.000,0.000
1343347200,10000.000,8490.000,0.000,0.000
1343606400,10000.000,8460.000,0.000,0.000
1343692800,10000.000,8420.000,0.000,0.000
1343779200,10000.000,8470.000,0.000,0.000
1343865600,10000.000,8400.000,0.000,0.000
1343952000,10000.000,8490.000,0.000,0.000
1344211200,10000.000,8590.000,0.000,0.000
1344297600,10000.000,8580.000,0.000,0.000
1344384000,10000.000,8520.000,0.000,0.000
1344470400,10000.000,8690.000,0.000,0.000
1344556800,10000.000,8670.000,0.000,0.000
1344816000,10000.000,8590.000,0.000,0.000
1344902400,10000.000,8580.000,0.000,0.000
1344988800,10000.000,8520.000,0.000,0.000
1345075200,10000.000,8440.000,0.000,0.000
1345161600,10000.000,8380.000,0.000,0.000
1345420800,10000.000,8420.000,0.000,0.000
1345507200,10000.000,8530.000,0.000,0.000
1345593600,10000.000,8440.000,0.000,0.000
1345680000,10000.000,8440.000,0.000,0.000
1345766400,10000.000,8400.000,0.000,0.000
1346025600,10000.000,8330.000,0.000,0.000
1346112000,10000.000,8280.000,0.000,0.000
1346198400,10000.000,8200.000,0.000,0.000
1346284800,10000.000,8080.000,0.000,0.000
1346371200,10000.000,8070.000,0.000,0.000
1346630400,10000.000,8230.000,0.000,0.000
1346716800,10000.000,8139.000,0.000,0.000
1346803200,10000.000,8129.000,0.000,0.000
1346889600,10000.000,8120.000,0.000,0.000
1346976000,10000.000,8340.000,0.000,0.000
1347235200,10000.000,8400.000,0.000,0.000
1347321600,10000.000,8370.000,0.000,0.000
1347408000,10000.000,8380.000,0.000,0.000
1347494400,10000.000,8350.000,0.000,0.000
1347580800,10000.000,8390.000,0.000,0.000
1347840000,10000.000,8250.000,0.000,0.000
1347926400,10000.000,8220.000,0.000,0.000
1348012800,10000.000,8220.000,0.000,0.000
1348099200,10000.000,8100.000,0.000,0.000
1348185600,10000.000,8129.000,0.000,0.000
1348444800,10000.000,8149.000,0.000,0.000
1348531200,10000.000,8169.000,0.000,0.000
1348617600,10000.000,8100.000,0.000,0.000
1348704000,10000.000,8240.000,0.000,0.000
1348790400,10000.000,8390.000,0.000,0.000
1349654400,10000.000,8300.000,0.000,0.000
1349740800,10000.000,8440.000,0.000,0.000
1349827200,10000.000,8470.000,0.000,0.000
1349913600,10000.000,8390.000,0.000,0.000
1350000000,10000.000,8390.000,0.000,0.000
1350259200,10000.000,8420.000,0.000,0.000
1350345600,10000.000,8480.000,0.000,0.000
1350432000,10000.000,8460.000,0.000,0.000
1350518400,10000.000,8560.000,0.000,0.000
1350604800,10000.000,8540.000,0.000,0.000
1350864000,10000.000,8530.000,0.000,0.000
1350950400,10000.000,8370.000,0.000,0.000
1351036800,10000.000,8360.000,0.000,0.000
1351123200,10000.000,8310.000,0.000,0.000
1351209600,10000.000,8200.000,0.000,0.000
1351468800,10000.000,8200.000,0.000,0.000
1351555200,10000.000,8230.000,0.000,0.000
1351641600,10000.000,8300.000,0.000,0.000
1351728000,10000.000,8400.000,0.000,0.000
1351814400,10000.000,8410.000,0.000,0.000
1352073600,10000.000,8320.000,0.000,0.000
1352160000,10000.000,8230.000,0.000,0.000
1352246400,10000.000,8230.000,0.000,0.000
1352332800,10000.000,8159.000,0.000,0.000
1352419200,10000.000,8120.000,0.000,0.000
1352678400,10000.000,8020.000,0.000,0.000
1352764800,10000.000,7930.000,0.000,0.000
1352851200,10000.000,7990.000,0.000,0.000
1352937600,10000.000,7930.000,0.000,0.000
1353024000,10000.000,7820.000,0.000,0.000
1353283200,10000.000,7680.000,0.000,0.000
1353369600,10000.000,7670.000,0.000,0.000
1353456000,10000.000,7690.000,0.000,0.000
1353542400,10000.000,7590.000,0.000,0.000
1353628800,10000.000,7680.000,0.000,0.000
1353888000,10000.000,7580.000,0.000,0.000
1353974400,10000.000,7510.000,0.000,0.000
1354060800,10000.000,7440.000,0.000,0.000
1354147200,10000.000,7470.000,0.000,0.000
1354233600,10000.000,7520.000,0.000,0.000
1354492800,10000.000,7290.000,0.000,0.000
1354579200,10000.000,7310.000,0.000,0.000
1354665600,10000.000,7420.000,0.000,0.000
1354752000,10000.000,7370.000,0.000,0.000
1354838400,10000.000,7440.000,0.000,0.000
1355097600,10000.000,7480.000,0.000,0.000
1355184000,10000.000,7500.000,0.000,0.000
1355270400,10000.000,7550.000,0.000,0.000
1355356800,10000.000,7480.000,0.000,0.000
1355443200,10000.000,7650.000,0.000,0.000
1355702400,10000.000,7690.000,0.000,0.000
1355788800,10000.000,7720.000,0.000,0.000
1355875200,10000.000,7790.000,0.000,0.000
1355961600,10000.000,7820.000,0.000,0.000
1356048000,10000.000,7830.000,0.000,0.000
1356307200,10000.000,7800.000,0.000,0.000
1356393600,10000.000,7930.000,0.000,0.000
1356480000,10000.000,7960.000,0.000,0.000
1356566400,10000.000,7980.000,0.000,0.000
1356652800,10000.000,8080.000,0.000,0.000
1356912000,10000.000,8159.000,0.000,0.000
1357257600,10000.000,8110.000,0.000,0.000
1357516800,10000.000,8139.000,0.000,0.000
1357603200,10000.000,8240.000,0.000,0.000
1357689600,10000.000,8320.000,0.000,0.000
1357776000,10000.000,8310.000,0.000,0.000
1357862400,10000.000,8220.000,0.000,0.000
1358121600,10000.000,8430.000,0.000,0.000
1358208000,10000.000,8460.000,0.000,0.000
1358294400,10000.000,8430.000,0.000,0.000
1358380800,10000.000,8420.000,0.000,0.000
1358467200,10000.000,8600.000,0.000,0.000
1358726400,10000.000,8520.000,0.000,0.000
1358812800,10000.000,8410.000,0.000,0.000
1358899200,10000.000,8430.000,0.000,0.000
1358985600,10000.000,8310.000,0.000,0.000
1359072000,10000.000,8290.000,0.000,0.000
1359331200,10000.000,8390.000,0.000,0.000
1359417600,10000.000,8390.000,0.000,0.000
1359504000,10000.000,8430.000,0.000,0.000
1359590400,10000.000,8370.000,0.000,0.000
1359676800,10000.000,8450.000,0.000,0.000
1359936000,10000.000,8390.000,0.000,0.000
1360022400,10000.000,8570.000,0.000,0.000
1360108800,10000.000,8540.000,0.000,0.000
1360195200,10000.000,8650.000,0.000,0.000
1360281600,10000.000,8820.000,0.000,0.000
1361145600,10000.000,8710.000,0.000,0.000
1361232000,10000.000,8550.000,0.000,0.000
1361318400,10000.000,8720.000,0.000,0.000
1361404800,10000.000,8620.000,0.000,0.000
1361491200,10000.000,8640.000,0.000,0.000
1361750400,10000.000,8660.000,0.000,0.000
1361836800,10000.000,8550.000,0.000,0.000
1361923200,10000.000,8530.000,0.000,0.000
1362009600,10000.000,8660.000,0.000,0.000
1362096000,10000.000,8720.000,0.000,0.000
1362355200,10000.000,8590.000,0.000,0.000
1362441600,10000.000,8710.000,0.000,0.000
1362528000,10000.000,8790.000,0.000,0.000
1362614400,10000.000,8730.000,0.000,0.000
1362700800,10000.000,8670.000,0.000,0.000
1362960000,10000.000,8640.000,0.000,0.000
1363046400,10000.000,8550.000,0.000,0.000
1363132800,10000.000,8470.000,0.000,0.000
1363219200,10000.000,8520.000,0.000,0.000
1363305600,10000.000,8550.000,0.000,0.000
1363564800,10000.000,8480.000,0.000,0.000
1363651200,10000.000,8480.000,0.000,0.000
1363737600,10000.000,8680.000,0.000,0.000
1363824000,10000.000,8740.000,0.000,0.000
1363910400,10000.000,8740.000,0.000,0.000
1364169600,10000.000,8660.000,0.000,0.000
1364256000,10000.000,8670.000,0.000,0.000
1364342400,10000.000,8660.000,0.000,0.000
1364428800,10000.000,8550.000,0.000,0.000
1364515200,10000.000,8470.000,0.000,0.000
1364774400,10000.000,8450.000,0.000,0.000
1364860800,10000.000,8370.000,0.000,0.000
1364947200,10000.000,8310.000,0.000,0.000
1365379200,10000.000,8420.000,0.000,0.000
1365465600,10000.000,8430.000,0.000,0.000
1365552000,10000.000,8410.000,0.000,0.000
1365638400,10000.000,8390.000,0.000,0.000
1365724800,10000.000,8420.000,0.000,0.000
1365984000,10000.000,8350.000,0.000,0.000
1366070400,10000.000,8380.000,0.000,0.000
1366156800,10000.000,8510.000,0.000,0.000
1366243200,10000.000,8530.000,0.000,0.000
1366329600,10000.000,8660.000,0.000,0.000
1366588800,10000.000,8640.000,0.000,0.000
1366675200,10000.000,8480.000,0.000,0.000
1366761600,10000.000,8590.000,0.000,0.000
1366848000,10000.000,8530.000,0.000,0.000
1366934400,10000.000,8460.000,0.000,0.000
1367452800,10000.000,8490.000,0.000,0.000
1367539200,10000.000,8630.000,0.000,0.000
1367798400,10000.000,8720.000,0.000,0.000
1367884800,10000.000,8760.000,0.000,0.000
1367971200,10000.000,8840.000,0.000,0.000
1368057600,10000.000,8810.000,0.000,0.000
1368144000,10000.000,8820.000,0.000,0.000
1368403200,10000.000,8750.000,0.000,0.000
1368489600,10000.000,8520.000,0.000,0.000
1368576000,10000.000,8620.000,0.000,0.000
1368662400,10000.000,8770.000,0.000,0.000
1368748800,10000.000,8860.000,0.000,0.000
1369008000,10000.000,8910.000,0.000,0.000
1369094400,10000.000,8910.000,0.000,0.000
1369180800,10000.000,8900.000,0.000,0.000
1369267200,10000.000,8820.000,0.000,0.000
1369353600,10000.000,8830.000,0.000,0.000
1369612800,10000.000,8890.000,0.000,0.000
1369699200,10000.000,8940.000,0.000,0.000
1369785600,10000.000,8960.000,0.000,0.000
1369872000,10000.000,8890.000,0.000,0.000
1369958400,10000.000,8820.000,0.000,0.000
1370217600,10000.000,8790.000,0.000,0.000
1370304000,10000.000,8670.000,0.000,0.000
1370390400,10000.000,8720.000,0.000,0.000
1370476800,10000.000,8700.000,0.000,0.000
1370563200,10000.000,8610.000,0.000,0.000
1371081600,10000.000,8460.000,0.000,0.000
1371168000,10000.000,8540.000,0.000,0.000
1371427200,10000.000,8500.000,0.000,0.000
1371513600,10000.000,8640.000,0.000,0.000
1371600000,10000.000,8660.000,0.000,0.000
1371686400,10000.000,8470.000,0.000,0.000
1371772800,10000.000,8480.000,0.000,0.000
1372032000,10000.000,8169.000,0.000,0.000
1372118400,10000.000,8280.000,0.000,0.000
1372204800,10000.000,8390.000,0.000,0.000
1372291200,10000.000,8340.000,0.000,0.000
1372377600,10000.000,8390.000,0.000,0.000
1372550400,10000.000,8390.000,0.000,0.000
1372636800,10000.000,8550.000,0.000,0.000
1372723200,10000.000,8670.000,0.000,0.000
1372809600,10000.000,8760.000,0.000,0.000
1372896000,10000.000,8780.000,0.000,0.000
1372982400,10000.000,8730.000,0.000,0.000
1373241600,10000.000,8630.000,0.000,0.000
1373328000,10000.000,8640.000,0.000,0.000
1373414400,10000.000,8730.000,0.000,0.000
1373500800,10000.000,8850.000,0.000,0.000
1373587200,10000.000,8830.000,0.000,0.000
1373846400,10000.000,8960.000,0.000,0.000
1373932800,10000.000,8990.000,0.000,0.000
1374019200,10000.000,8830.000,0.000,0.000
1374105600,10000.000,8740.000,0.000,0.000
1374192000,10000.000,8550.000,0.000,0.000
1374451200,10000.000,8670.000,0.000,0.000
1374537600,10000.000,8870.000,0.000,0.000
1374624000,10000.000,8890.000,0.000,0.000
1374710400,10000.000,8810.000,0.000,0.000
1374796800,10000.000,8770.000,0.000,0.000
1375056000,10000.000,8610.000,0.000,0.000
1375142400,10000.000,8590.000,0.000,0.000
1375228800,10000.000,8620.000,0.000,0.000
1375315200,10000.000,8780.000,0.000,0.000
1375401600,10000.000,8820.000,0.000,0.000
1375660800,10000.000,8970.000,0.000,0.000
1375747200,10000.000,9080.000,0.000,0.000
1375833600,10000.000,9090.000,0.000,0.000
1375920000,10000.000,9080.000,0.000,0.000
1376006400,10000.000,9130.000,0.000,0.000
1376265600,10000.000,9180.000,0.000,0.000
1376352000,10000.000,9110.000,0.000,0.000
1376438400,10000.000,9080.000,0.000,0.000
1376524800,10000.000,8980.000,0.000,0.000
1376611200,10000.000,8820.000,0.000,0.000
1376870400,10000.000,9010.000,0.000,0.000
1376956800,10000.000,9020.000,0.000,0.000
1377043200,10000.000,8960.000,0.000,0.000
1377129600,10000.000,8960.000,0.000,0.000
1377216000,10000.000,8920.000,0.000,0.000
1377475200,10000.000,9050.000,0.000,0.000
1377561600,10000.000,9040.000,0.000,0.000
1377648000,10000.000,8950.000,0.000,0.000
1377734400,10000.000,8910.000,0.000,0.000
1377820800,10000.000,8860.000,0.000,0.000
1378080000,10000.000,8890.000,0.000,0.000
1378166400,10000.000,9020.000,0.000,0.000
1378252800,10000.000,9020.000,0.000,0.000
1378339200,10000.000,9110.000,0.000,0.000
1378425600,10000.000,9100.000,0.000,0.000
1378684800,10000.000,9150.000,0.000,0.000
1378771200,10000.000,9180.000,0.000,0.000
1378857600,10000.000,9140.000,0.000,0.000
1378944000,10000.000,9140.000,0.000,0.000
1379030400,10000.000,9280.000,0.000,0.000
1379289600,10000.000,9330.000,0.000,0.000
1379376000,10000.000,9260.000,0.000,0.000
1379462400,10000.000,9270.000,0.000,0.000
1379894400,10000.000,9490.000,0.000,0.000
1379980800,10000.000,9620.000,0.000,0.000
1380067200,10000.000,9610.000,0.000,0.000
1380153600,10000.000,9520.000,0.000,0.000
1380240000,10000.000,9600.000,0.000,0.000
1380499200,10000.000,9680.000,0.000,0.000
1381190400,10000.000,9770.000,0.000,0.000
1381276800,10000.000,9880.000,0.000,0.000
1381363200,10000.000,9900.000,0.000,0.000
1381449600,10000.000,10009.000,0.000,0.000
1381708800,10000.000,10040.000,0.000,0.000
1381795200,10000.000,10080.000,0.000,0.000
1381881600,10000.000,9910.000,0.000,0.000
1381968000,10000.000,9810.000,0.000,0.000
1382054400,10000.000,9930.000,0.000,0.000
1382313600,10000.000,10280.000,0.000,0.000
1382400000,10000.000,10180.000,0.000,0.000
1382486400,10000.000,9880.000,0.000,0.000
1382572800,10000.000,9870.000,0.000,0.000
1382659200,10000.000,9690.000,0.000,0.000
1382918400,10000.000,9650.000,0.000,0.000
1383004800,10000.000,9590.000,0.000,0.000
1383091200,10000.000,9780.000,0.000,0.000
1383177600,10000.000,9490.000,0.000,0.000
1383264000,10000.000,9470.000,0.000,0.000
1383523200,10000.000,9480.000,0.000,0.000
1383609600,10000.000,9530.000,0.000,0.000
1383696000,10000.000,9380.000,0.000,0.000
1383782400,10000.000,9240.000,0.000,0.000
1383868800,10000.000,9130.000,0.000,0.000
1384128000,10000.000,9190.000,0.000,0.000
1384214400,10000.000,9270.000,0.000,0.000
1384300800,10000.000,9120.000,0.000,0.000
1384387200,10000.000,9280.000,0.000,0.000
1384473600,10000.000,9430.000,0.000,0.000
1384732800,10000.000,9520.000,0.000,0.000
1384819200,10000.000,9420.000,0.000,0.000
1384905600,10000.000,9460.000,0.000,0.000
1384992000,10000.000,9380.000,0.000,0.000
1385078400,10000.000,9380.000,0.000,0.000
1385337600,10000.000,9340.000,0.000,0.000
1385424000,10000.000,9310.000,0.000,0.000
1385510400,10000.000,9350.000,0.000,0.000
1385596800,10000.000,9500.000,0.000,0.000
1385683200,10000.000,9520.000,0.000,0.000
1385942400,10000.000,9220.000,0.000,0.000
1386028800,10000.000,9360.000,0.000,0.000
1386115200,10000.000,9490.000,0.000,0.000
1386201600,10000.000,9450.000,0.000,0.000
1386288000,10000.000,9450.000,0.000,0.000
1386547200,10000.000,9540.000,0.000,0.000
1386633600,10000.000,9560.000,0.000,0.000
1386720000,10000.000,9520.000,0.000,0.000
1386806400,10000.000,9570.000,0.000,0.000
1386892800,10000.000,9620.000,0.000,0.000
1387152000,10000.000,9470.000,0.000,0.000
1387238400,10000.000,9380.000,0.000,0.000
1387324800,10000.000,9390.000,0.000,0.000
1387411200,10000.000,9320.000,0.000,0.000
1387497600,10000.000,9270.000,0.000,0.000
1387756800,10000.000,9310.000,0.000,0.000
1387843200,10000.000,9370.000,0.000,0.000
1387929600,10000.000,9470.000,0.000,0.000
1388016000,10000.000,9390.000,0.000,0.000
1388102400,10000.000,9500.000,0.000,0.000
1388361600,10000.000,9540.000,0.000,0.000
1388448000,10000.000,9580.000,0.000,0.000
1388620800,10000.000,9530.000,0.000,0.000
1388707200,10000.000,9520.000,0.000,0.000
1388966400,10000.000,9320.000,0.000,0.000
1389052800,10000.000,9310.000,0.000,0.000
1389139200,10000.000,9460.000,0.000,0.000
1389225600,10000.000,9320.000,0.000,0.000
1389312000,10000.000,9270.000,0.000,0.000
1389571200,10000.000,9230.000,0.000,0.000
1389657600,10000.000,9390.000,0.000,0.000
1389744000,10000.000,9430.000,0.000,0.000
1389830400,10000.000,9390.000,0.000,0.000
1389916800,10000.000,9200.000,0.000,0.000
1390176000,10000.000,9100.000,0.000,0.000
1390262400,10000.000,9170.000,0.000,0.000
1390348800,10000.000,9380.000,0.000,0.000
1390435200,10000.000,9470.000,0.000,0.000
1390521600,10000.000,9480.000,0.000,0.000
1390780800,10000.000,9280.000,0.000,0.000
1390867200,10000.000,9250.000,0.000,0.000
1390953600,10000.000,9240.000,0.000,0.000
1391040000,10000.000,9140.000,0.000,0.000
1391731200,10000.000,9250.000,0.000,0.000
1391990400,10000.000,9480.000,0.000,0.000
1392076800,10000.000,9440.000,0.000,0.000
1392163200,10000.000,9430.000,0.000,0.000
1392249600,10000.000,9360.000,0.000,0.000
1392336000,10000.000,9420.000,0.000,0.000
1392595200,10000.000,9480.000,0.000,0.000
1392681600,10000.000,9360.000,0.000,0.000
1392768000,10000.000,9360.000,0.000,0.000
1392854400,10000.000,9300.000,0.000,0.000
1392940800,10000.000,9220.000,0.000,0.000
1393200000,10000.000,9050.000,0.000,0.000
1393286400,10000.000,8750.000,0.000,0.000
1393372800,10000.000,8720.000,0.000,0.000
1393459200,10000.000,8540.000,0.000,0.000
1393545600,10000.000,8730.000,0.000,0.000
1393804800,10000.000,8930.000,0.000,0.000
1393891200,10000.000,8850.000,0.000,0.000
1393977600,10000.000,8760.000,0.000,0.000
1394064000,10000.000,8720.000,0.000,0.000
1394150400,10000.000,8800.000,0.000,0.000
1394409600,10000.000,8600.000,0.000,0.000
1394496000,10000.000,8650.000,0.000,0.000
1394582400,10000.000,8660.000,0.000,0.000
1394668800,10000.000,8760.000,0.000,0.000
1394755200,10000.000,8690.000,0.000,0.000
1395014400,10000.000,8790.000,0.000,0.000
1395100800,10000.000,8820.000,0.000,0.000
1395187200,10000.000,8650.000,0.000,0.000
1395273600,10000.000,8390.000,0.000,0.000
1395360000,10000.000,8530.000,0.000,0.000
1395619200,10000.000,8500.000,0.000,0.000
1395705600,10000.000,8540.000,0.000,0.000
1395792000,10000.000,8580.000,0.000,0.000
1395878400,10000.000,8460.000,0.000,0.000
1395964800,10000.000,8430.000,0.000,0.000
1396224000,10000.000,8470.000,0.000,0.000
1396310400,10000.000,8580.000,0.000,0.000
1396396800,10000.000,8560.000,0.000,0.000
1396483200,10000.000,8520.000,0.000,0.000
1396569600,10000.000,8620.000,0.000,0.000
1396915200,10000.000,8790.000,0.000,0.000
1397001600,10000.000,8810.000,0.000,0.000
1397088000,10000.000,8890.000,0.000,0.000
1397174400,10000.000,8970.000,0.000,0.000
1397433600,10000.000,9020.000,0.000,0.000
1397520000,10000.000,8900.000,0.000,0.000
1397606400,10000.000,8880.000,0.000,0.000
1397692800,10000.000,8890.000,0.000,0.000
1397779200,10000.000,8880.000,0.000,0.000
1398038400,10000.000,8780.000,0.000,0.000
1398124800,10000.000,8750.000,0.000,0.000
1398211200,10000.000,8770.000,0.000,0.000
1398297600,10000.000,8740.000,0.000,0.000
1398384000,10000.000,8560.000,0.000,0.000
1398643200,10000.000,8390.000,0.000,0.000
1398729600,10000.000,8560.000,0.000,0.000
1398816000,10000.000,8630.000,0.000,0.000
1399248000,10000.000,8700.000,0.000,0.000
1399334400,10000.000,8720.000,0.000,0.000
1399420800,10000.000,8580.000,0.000,0.000
1399507200,10000.000,8560.000,0.000,0.000
1399593600,10000.000,8500.000,0.000,0.000
1399852800,10000.000,8610.000,0.000,0.000
1399939200,10000.000,8610.000,0.000,0.000
1400025600,10000.000,8550.000,0.000,0.000
1400112000,10000.000,8460.000,0.000,0.000
1400198400,10000.000,8410.000,0.000,0.000
1400457600,10000.000,8310.000,0.000,0.000
1400544000,10000.000,8310.000,0.000,0.000
1400630400,10000.000,8380.000,0.000,0.000
1400716800,10000.000,8390.000,0.000,0.000
1400803200,10000.000,8450.000,0.000,0.000
1401062400,10000.000,8540.000,0.000,0.000
1401148800,10000.000,8520.000,0.000,0.000
1401235200,10000.000,8600.000,0.000,0.000
1401321600,10000.000,8540.000,0.000,0.000
1401408000,10000.000,8570.000,0.000,0.000
1401753600,10000.000,8540.000,0.000,0.000
1401840000,10000.000,8480.000,0.000,0.000
1401926400,10000.000,8580.000,0.000,0.000
1402012800,10000.000,8540.000,0.000,0.000
1402272000,10000.000,8490.000,0.000,0.000
1402358400,10000.000,8590.000,0.000,0.000
1402444800,10000.000,8620.000,0.000,0.000
1402531200,10000.000,8630.000,0.000,0.000
1402617600,10000.000,8730.000,0.000,0.000
1402876800,10000.000,8760.000,0.000,0.000
1402963200,10000.000,8640.000,0.000,0.000
1403049600,10000.000,8600.000,0.000,0.000
1403136000,10000.000,8490.000,0.000,0.000
1403222400,10000.000,8520.000,0.000,0.000
1403481600,10000.000,8620.000,0.000,0.000
1403568000,10000.000,8710.000,0.000,0.000
1403654400,10000.000,8670.000,0.000,0.000
1403740800,10000.000,8780.000,0.000,0.000
1403827200,10000.000,8820.000,0.000,0.000
1404086400,10000.000,8830.000,0.000,0.000
1404172800,10000.000,8780.000,0.000,0.000
1404259200,10000.000,8760.000,0.000,0.000
1404345600,10000.000,8780.000,0.000,0.000
1404432000,10000.000,8790.000,0.000,0.000
1404691200,10000.000,8720.000,0.000,0.000
1404777600,10000.000,8790.000,0.000,0.000
1404864000,10000.000,8700.000,0.000,0.000
1404950400,10000.000,8610.000,0.000,0.000
1405036800,10000.000,8690.000,0.000,0.000
1405296000,10000.000,8890.000,0.000,0.000
1405382400,10000.000,8940.000,0.000,0.000
1405468800,10000.000,8870.000,0.000,0.000
1405555200,10000.000,8810.000,0.000,0.000
1405641600,10000.000,8930.000,0.000,0.000
1405900800,10000.000,8960.000,0.000,0.000
1405987200,10000.000,9090.000,0.000,0.000
1406073600,10000.000,9030.000,0.000,0.000
1406160000,10000.000,9120.000,0.000,0.000
1406246400,10000.000,9200.000,0.000,0.000
1406505600,10000.000,9340.000,0.000,0.000
1406592000,10000.000,9360.000,0.000,0.000
1406678400,10000.000,9390.000,0.000,0.000
1406764800,10000.000,9500.000,0.000,0.000
1406851200,10000.000,9470.000,0.000,0.000
1407110400,10000.000,9610.000,0.000,0.000
1407196800,10000.000,9640.000,0.000,0.000
1407283200,10000.000,9610.000,0.000,0.000
1407369600,10000.000,9440.000,0.000,0.000
1407456000,10000.000,9490.000,0.000,0.000
1407715200,10000.000,9620.000,0.000,0.000
1407801600,10000.000,9600.000,0.000,0.000
1407888000,10000.000,9610.000,0.000,0.000
1407974400,10000.000,9560.000,0.000,0.000
1408060800,10000.000,9640.000,0.000,0.000
1408320000,10000.000,9670.000,0.000,0.000
1408406400,10000.000,9700.000,0.000,0.000
1408492800,10000.000,9680.000,0.000,0.000
1408579200,10000.000,9670.000,0.000,0.000
1408665600,10000.000,9740.000,0.000,0.000
1408924800,10000.000,9600.000,0.000,0.000
1409011200,10000.000,9510.000,0.000,0.000
1409097600,10000.000,9530.000,0.000,0.000
1409184000,10000.000,9480.000,0.000,0.000
1409270400,10000.000,9610.000,0.000,0.000
1409529600,10000.000,9760.000,0.000,0.000
1409616000,10000.000,9850.000,0.000,0.000
1409702400,10000.000,9930.000,0.000,0.000
1409788800,10000.000,9940.000,0.000,0.000
1409875200,10000.000,10029.000,0.000,0.000
1410220800,10000.000,10009.000,0.000,0.000
1410307200,10000.000,9960.000,0.000,0.000
1410393600,10000.000,9870.000,0.000,0.000
1410480000,10000.000,9890.000,0.000,0.000
1410739200,10000.000,9880.000,0.000,0.000
1410825600,10000.000,9590.000,0.000,0.000
1410912000,10000.000,9670.000,0.000,0.000
1410998400,10000.000,9730.000,0.000,0.000
1411084800,10000.000,9800.000,0.000,0.000
1411344000,10000.000,9620.000,0.000,0.000
1411430400,10000.000,9670.000,0.000,0.000
1411516800,10000.000,9790.000,0.000,0.000
1411603200,10000.000,9770.000,0.000,0.000
1411689600,10000.000,9780.000,0.000,0.000
1411948800,10000.000,9850.000,0.000,0.000
1412035200,10000.000,9830.000,0.000,0.000
1412726400,10000.000,9920.000,0.000,0.000
1412812800,10000.000,9970.000,0.000,0.000
1412899200,10000.000,9930.000,0.000,0.000
1413158400,10000.000,9830.000,0.000,0.000
1413244800,10000.000,9770.000,0.000,0.000
1413331200,10000.000,9770.000,0.000,0.000
1413417600,10000.000,9610.000,0.000,0.000
1413504000,10000.000,9680.000,0.000,0.000
1413763200,10000.000,9770.000,0.000,0.000
1413849600,10000.000,9690.000,0.000,0.000
1413936000,10000.000,9580.000,0.000,0.000
1414022400,10000.000,9480.000,0.000,0.000
1414108800,10000.000,9490.000,0.000,0.000
1414368000,10000.000,9510.000,0.000,0.000
1414454400,10000.000,9590.000,0.000,0.000
1414540800,10000.000,9680.000,0.000,0.000
1414627200,10000.000,9650.000,0.000,0.000
1414713600,10000.000,9680.000,0.000,0.000
1414972800,10000.000,9660.000,0.000,0.000
1415059200,10000.000,9540.000,0.000,0.000
1415145600,10000.000,9500.000,0.000,0.000
1415232000,10000.000,9540.000,0.000,0.000
1415318400,10000.000,9490.000,0.000,0.000
1415577600,10000.000,9690.000,0.000,0.000
1415664000,10000.000,9500.000,0.000,0.000
1415750400,10000.000,9600.000,0.000,0.000
1415836800,10000.000,9580.000,0.000,0.000
1415923200,10000.000,9630.000,0.000,0.000
1416182400,10000.000,9660.000,0.000,0.000
1416268800,10000.000,9600.000,0.000,0.000
1416355200,10000.000,9560.000,0.000,0.000
1416441600,10000.000,9500.000,0.000,0.000
1416528000,10000.000,9590.000,0.000,0.000
1416787200,10000.000,9660.000,0.000,0.000
1416873600,10000.000,9780.000,0.000,0.000
1416960000,10000.000,9790.000,0.000,0.000
1417046400,10000.000,9830.000,0.000,0.000
1417132800,10000.000,9850.000,0.000,0.000
1417392000,10000.000,9930.000,0.000,0.000
1417478400,10000.000,10109.000,0.000,0.000
1417564800,10000.000,10260.000,0.000,0.000
1417651200,10000.000,10450.000,0.000,0.000
1417737600,10000.000,10280.000,0.000,0.000
1417996800,10000.000,10380.000,0.000,0.000
1418083200,10000.000,10069.000,0.000,0.000
1418169600,10000.000,10420.000,0.000,0.000
1418256000,10000.000,10380.000,0.000,0.000
1418342400,10000.000,10430.000,0.000,0.000
1418601600,10000.000,10590.000,0.000,0.000
1418688000,10000.000,10520.000,0.000,0.000
1418774400,10000.000,10380.000,0.000,0.000
1418860800,10000.000,10460.000,0.000,0.000
1418947200,10000.000,10380.000,0.000,0.000
1419206400,10000.000,10350.000,0.000,0.000
1419292800,10000.000,10330.000,0.000,0.000
1419379200,10000.000,10250.000,0.000,0.000
1419465600,10000.000,10350.000,0.000,0.000
1419552000,10000.000,10430.000,0.000,0.000
1419811200,10000.000,10410.000,0.000,0.000
1419897600,10000.000,10250.000,0.000,0.000
1419984000,10000.000,10390.000,0.000,0.000
1420416000,10000.000,10930.000,0.000,0.000
1420502400,10000.000,11090.000,0.000,0.000
1420588800,10000.000,11000.000,0.000,0.000
1420675200,10000.000,10990.000,0.000,0.000
1420761600,10000.000,10860.000,0.000,0.000
1421020800,10000.000,10940.000,0.000,0.000
1421107200,10000.000,11080.000,0.000,0.000
1421193600,10000.000,10870.000,0.000,0.000
1421280000,10000.000,10950.000,0.000,0.000
1421366400,10000.000,11000.000,0.000,0.000
1421625600,10000.000,10420.000,0.000,0.000
1421712000,10000.000,10740.000,0.000,0.000
1421798400,10000.000,11020.000,0.000,0.000
1421884800,10000.000,11060.000,0.000,0.000
1421971200,10000.000,10950.000,0.000,0.000
1422230400,10000.000,11090.000,0.000,0.000
1422316800,10000.000,11150.000,0.000,0.000
1422403200,10000.000,11050.000,0.000,0.000
1422489600,10000.000,10980.000,0.000,0.000
1422576000,10000.000,10990.000,0.000,0.000
1422835200,10000.000,10900.000,0.000,0.000
1422921600,10000.000,11080.000,0.000,0.000
1423008000,10000.000,11050.000,0.000,0.000
1423094400,10000.000,10960.000,0.000,0.000
1423180800,10000.000,10910.000,0.000,0.000
1423440000,10000.000,10980.000,0.000,0.000
1423526400,10000.000,11140.000,0.000,0.000
1423612800,10000.000,11190.000,0.000,0.000
1423699200,10000.000,11190.000,0.000,0.000
1423785600,10000.000,11259.000,0.000,0.000
1424044800,10000.000,11390.000,0.000,0.000
1424131200,10000.000,11550.000,0.000,0.000
1424822400,10000.000,11490.000,0.000,0.000
1424908800,10000.000,11540.000,0.000,0.000
1424995200,10000.000,11550.000,0.000,0.000
1425254400,10000.000,11650.000,0.000,0.000
1425340800,10000.000,11450.000,0.000,0.000
1425427200,10000.000,11600.000,0.000,0.000
1425513600,10000.000,11459.000,0.000,0.000
1425600000,10000.000,11439.000,0.000,0.000
1425859200,10000.000,11650.000,0.000,0.000
1425945600,10000.000,11720.000,0.000,0.000
1426032000,10000.000,11800.000,0.000,0.000
1426118400,10000.000,11840.000,0.000,0.000
1426204800,10000.000,11930.000,0.000,0.000
1426464000,10000.000,12210.000,0.000,0.000
1426550400,10000.000,12310.000,0.000,0.000
1426636800,10000.000,12450.000,0.000,0.000
1426723200,10000.000,12440.000,0.000,0.000
1426809600,10000.000,12470.000,0.000,0.000
1427068800,10000.000,12740.000,0.000,0.000
1427155200,10000.000,12870.000,0.000,0.000
1427241600,10000.000,12860.000,0.000,0.000
1427328000,10000.000,12830.000,0.000,0.000
1427414400,10000.000,12870.000,0.000,0.000
1427673600,10000.000,13050.000,0.000,0.000
1427760000,10000.000,12970.000,0.000,0.000
1427846400,10000.000,13210.000,0.000,0.000
1427932800,10000.000,13290.000,0.000,0.000
1428019200,10000.000,13330.000,0.000,0.000
1428364800,10000.000,13550.000,0.000,0.000
1428451200,10000.000,13560.000,0.000,0.000
1428537600,10000.000,13370.000,0.000,0.000
1428624000,10000.000,13640.000,0.000,0.000
1428883200,10000.000,13740.000,0.000,0.000
1428969600,10000.000,13710.000,0.000,0.000
1429056000,10000.000,13390.000,0.000,0.000
1429142400,10000.000,13950.000,0.000,0.000
1429228800,10000.000,14120.000,0.000,0.000
1429488000,10000.000,13899.000,0.000,0.000
1429574400,10000.000,14610.000,0.000,0.000
1429660800,10000.000,14790.000,0.000,0.000
1429747200,10000.000,14740.000,0.000,0.000
1429833600,10000.000,14710.000,0.000,0.000
1430092800,10000.000,14810.000,0.000,0.000
1430179200,10000.000,14580.000,0.000,0.000
1430265600,10000.000,14750.000,0.000,0.000
1430352000,10000.000,14700.000,0.000,0.000
1430697600,10000.000,14720.000,0.000,0.000
1430784000,10000.000,14100.000,0.000,0.000
1430870400,10000.000,13970.000,0.000,0.000
1430956800,10000.000,13930.000,0.000,0.000
1431043200,10000.000,14210.000,0.000,0.000
1431302400,10000.000,14530.000,0.000,0.000
1431388800,10000.000,14570.000,0.000,0.000
1431475200,10000.000,14660.000,0.000,0.000
1431561600,10000.000,14510.000,0.000,0.000
1431648000,10000.000,14320.000,0.000,0.000
1431907200,10000.000,14150.000,0.000,0.000
1431993600,10000.000,14520.000,0.000,0.000
1432080000,10000.000,14840.000,0.000,0.000
1432166400,10000.000,15330.000,0.000,0.000
1432252800,10000.000,15620.000,0.000,0.000
1432512000,10000.000,16090.000,0.000,0.000
1432598400,10000.000,16339.000,0.000,0.000
1432684800,10000.000,16140.000,0.000,0.000
1432771200,10000.000,15280.000,0.000,0.000
1432857600,10000.000,15230.000,0.000,0.000
1433116800,10000.000,15850.000,0.000,0.000
1433203200,10000.000,16150.000,0.000,0.000
1433289600,10000.000,16259.000,0.000,0.000
1433376000,10000.000,16090.000,0.000,0.000
1433462400,10000.000,16130.000,0.000,0.000
1433721600,10000.000,16319.000,0.000,0.000
1433808000,10000.000,16299.000,0.000,0.000
1433894400,10000.000,16530.000,0.000,0.000
1433980800,10000.000,16500.000,0.000,0.000
1434067200,10000.000,16880.000,0.000,0.000
1434326400,10000.000,16710.000,0.000,0.000
1434412800,10000.000,16120.000,0.000,0.000
1434499200,10000.000,16279.000,0.000,0.000
1434585600,10000.000,15730.000,0.000,0.000
1434672000,10000.000,14870.000,0.000,0.000
1435017600,10000.000,15590.000,0.000,0.000
1435104000,10000.000,16060.000,0.000,0.000
1435190400,10000.000,15500.000,0.000,0.000
1435276800,10000.000,14500.000,0.000,0.000
1435536000,10000.000,14280.000,0.000,0.000
1435622400,10000.000,15129.000,0.000,0.000
1435708800,10000.000,14480.000,0.000,0.000
1435795200,10000.000,13819.000,0.000,0.000
1435881600,10000.000,13110.000,0.000,0.000
1436140800,10000.000,13250.000,0.000,0.000
1436227200,10000.000,12640.000,0.000,0.000
1436313600,10000.000,11790.000,0.000,0.000
1436400000,10000.000,12750.000,0.000,0.000
1436486400,10000.000,13730.000,0.000,0.000
1436745600,10000.000,14280.000,0.000,0.000
1436832000,10000.000,13930.000,0.000,0.000
1436918400,10000.000,13310.000,0.000,0.000
1437004800,10000.000,13480.000,0.000,0.000
1437091200,10000.000,13959.000,0.000,0.000
1437350400,10000.000,13899.000,0.000,0.000
1437436800,10000.000,13930.000,0.000,0.000
1437523200,10000.000,13870.000,0.000,0.000
1437609600,10000.000,14110.000,0.000,0.000
1437696000,10000.000,13930.000,0.000,0.000
1437955200,10000.000,12840.000,0.000,0.000
1438041600,10000.000,12900.000,0.000,0.000
1438128000,10000.000,13170.000,0.000,0.000
1438214400,10000.000,12900.000,0.000,0.000
1438300800,10000.000,12920.000,0.000,0.000
1438560000,10000.000,13010.000,0.000,0.000
1438646400,10000.000,13340.000,0.000,0.000
1438732800,10000.000,13120.000,0.000,0.000
1438819200,10000.000,13060.000,0.000,0.000
1438905600,10000.000,13240.000,0.000,0.000
1439164800,10000.000,13670.000,0.000,0.000
1439251200,10000.000,13710.000,0.000,0.000
1439337600,10000.000,13450.000,0.000,0.000
1439424000,10000.000,13570.000,0.000,0.000
1439510400,10000.000,13550.000,0.000,0.000
1439769600,10000.000,13610.000,0.000,0.000
1439856000,10000.000,12780.000,0.000,0.000
1439942400,10000.000,12990.000,0.000,0.000
1440028800,10000.000,12580.000,0.000,0.000
1440115200,10000.000,11990.000,0.000,0.000
1440374400,10000.000,11050.000,0.000,0.000
1440460800,10000.000,10680.000,0.000,0.000
1440547200,10000.000,10980.000,0.000,0.000
1440633600,10000.000,11520.000,0.000,0.000
1440720000,10000.000,11840.000,0.000,0.000
1440979200,10000.000,11690.000,0.000,0.000
1441065600,10000.000,11430.000,0.000,0.000
1441152000,10000.000,11510.000,0.000,0.000
1441584000,10000.000,11200.000,0.000,0.000
1441670400,10000.000,11470.000,0.000,0.000
1441756800,10000.000,11700.000,0.000,0.000
1441843200,10000.000,11590.000,0.000,0.000
1441929600,10000.000,11590.000,0.000,0.000
1442188800,10000.000,11259.000,0.000,0.000
1442275200,10000.000,10920.000,0.000,0.000
1442361600,10000.000,11510.000,0.000,0.000
1442448000,10000.000,11210.000,0.000,0.000
1442534400,10000.000,11270.000,0.000,0.000
1442793600,10000.000,11510.000,0.000,0.000
1442880000,10000.000,11550.000,0.000,0.000
1442966400,10000.000,11310.000,0.000,0.000
1443052800,10000.000,11390.000,0.000,0.000
1443139200,10000.000,11160.000,0.000,0.000
1443398400,10000.000,11250.000,0.000,0.000
1443484800,10000.000,11140.000,0.000,0.000
1443571200,10000.000,11279.000,0.000,0.000
1444262400,10000.000,11650.000,0.000,0.000
1444348800,10000.000,11710.000,0.000,0.000
1444608000,10000.000,12040.000,0.000,0.000
1444694400,10000.000,12080.000,0.000,0.000
1444780800,10000.000,11910.000,0.000,0.000
1444867200,10000.000,12130.000,0.000,0.000
1444953600,10000.000,12220.000,0.000,0.000
1445212800,10000.000,12310.000,0.000,0.000
1445299200,10000.000,12350.000,0.000,0.000
1445385600,10000.000,11800.000,0.000,0.000
1445472000,10000.000,12070.000,0.000,0.000
1445558400,10000.000,12340.000,0.000,0.000
1445817600,10000.000,12490.000,0.000,0.000
1445904000,10000.000,12490.000,0.000,0.000
1445990400,10000.000,12270.000,0.000,0.000
1446076800,10000.000,12420.000,0.000,0.000
1446163200,10000.000,12420.000,0.000,0.000
1446422400,10000.000,12310.000,0.000,0.000
1446508800,10000.000,12280.000,0.000,0.000
1446595200,10000.000,12760.000,0.000,0.000
1446681600,10000.000,12820.000,0.000,0.000
1446768000,10000.000,12970.000,0.000,0.000
1447027200,10000.000,13070.000,0.000,0.000
1447113600,10000.000,13030.000,0.000,0.000
1447200000,10000.000,13010.000,0.000,0.000
1447286400,10000.000,13010.000,0.000,0.000
1447372800,10000.000,12790.000,0.000,0.000
1447632000,10000.000,12810.000,0.000,0.000
1447718400,10000.000,12830.000,0.000,0.000
1447804800,10000.000,12720.000,0.000,0.000
1447891200,10000.000,12870.000,0.000,0.000
1447977600,10000.000,12820.000,0.000,0.000
1448236800,10000.000,12700.000,0.000,0.000
1448323200,10000.000,12750.000,0.000,0.000
1448409600,10000.000,12890.000,0.000,0.000
1448496000,10000.000,12860.000,0.000,0.000
1448582400,10000.000,12290.000,0.000,0.000
1448841600,10000.000,12350.000,0.000,0.000
1448928000,10000.000,12480.000,0.000,0.000
1449014400,10000.000,12800.000,0.000,0.000
1449100800,10000.000,12830.000,0.000,0.000
1449187200,10000.000,12750.000,0.000,0.000
1449446400,10000.000,12830.000,0.000,0.000
1449532800,10000.000,12509.000,0.000,0.000
1449619200,10000.000,12580.000,0.000,0.000
1449705600,10000.000,12540.000,0.000,0.000
1449792000,10000.000,12540.000,0.000,0.000
1450051200,10000.000,12740.000,0.000,0.000
1450137600,10000.000,12790.000,0.000,0.000
1450224000,10000.000,12730.000,0.000,0.000
1450310400,10000.000,12950.000,0.000,0.000
1450396800,10000.000,13050.000,0.000,0.000
1450656000,10000.000,13500.000,0.000,0.000
1450742400,10000.000,13600.000,0.000,0.000
1450828800,10000.000,13570.000,0.000,0.000
1450915200,10000.000,13440.000,0.000,0.000
1451001600,10000.000,13440.000,0.000,0.000
1451260800,10000.000,13150.000,0.000,0.000
1451347200,10000.000,13320.000,0.000,0.000
1451433600,10000.000,13300.000,0.000,0.000
1451520000,10000.000,13180.000,0.000,0.000
1451865600,10000.000,12330.000,0.000,0.000
1451952000,10000.000,12410.000,0.000,0.000
1452038400,10000.000,12560.000,0.000,0.000
1452124800,10000.000,11780.000,0.000,0.000
1452211200,10000.000,11970.000,0.000,0.000
1452470400,10000.000,11379.000,0.000,0.000
1452556800,10000.000,11459.000,0.000,0.000
1452643200,10000.000,11290.000,0.000,0.000
1452729600,10000.000,11550.000,0.000,0.000
1452816000,10000.000,11250.000,0.000,0.000
1453075200,10000.000,11319.000,0.000,0.000
1453161600,10000.000,11670.000,0.000,0.000
1453248000,10000.000,11439.000,0.000,0.000
1453334400,10000.000,11100.000,0.000,0.000
1453420800,10000.000,11210.000,0.000,0.000
1453680000,10000.000,11299.000,0.000,0.000
1453766400,10000.000,10810.000,0.000,0.000
1453852800,10000.000,10720.000,0.000,0.000
1453939200,10000.000,10490.000,0.000,0.000
1454025600,10000.000,10780.000,0.000,0.000
1454284800,10000.000,10790.000,0.000,0.000
1454371200,10000.000,11030.000,0.000,0.000
1454457600,10000.000,11030.000,0.000,0.000
1454544000,10000.000,11140.000,0.000,0.000
1454630400,10000.000,11060.000,0.000,0.000
1455494400,10000.000,10960.000,0.000,0.000
1455580800,10000.000,11230.000,0.000,0.000
1455667200,10000.000,11279.000,0.000,0.000
1455753600,10000.000,11220.000,0.000,0.000
1455840000,10000.000,11210.000,0.000,0.000
1456099200,10000.000,11439.000,0.000,0.000
1456185600,10000.000,11430.000,0.000,0.000
1456272000,10000.000,11430.000,0.000,0.000
1456358400,10000.000,10760.000,0.000,0.000
1456444800,10000.000,10840.000,0.000,0.000
1456704000,10000.000,10470.000,0.000,0.000
1456790400,10000.000,10680.000,0.000,0.000
1456876800,10000.000,11130.000,0.000,0.000
1456963200,10000.000,11170.000,0.000,0.000
1457049600,10000.000,11150.000,0.000,0.000
1457308800,10000.000,11240.000,0.000,0.000
1457395200,10000.000,11230.000,0.000,0.000
1457481600,10000.000,11110.000,0.000,0.000
1457568000,10000.000,11070.000,0.000,0.000
1457654400,10000.000,11050.000,0.000,0.000
1457913600,10000.000,11190.000,0.000,0.000
1458000000,10000.000,11190.000,0.000,0.000
1458086400,10000.000,11080.000,0.000,0.000
1458172800,10000.000,11299.000,0.000,0.000
1458259200,10000.000,11500.000,0.000,0.000
1458518400,10000.000,11660.000,0.000,0.000
1458604800,10000.000,11660.000,0.000,0.000
1458691200,10000.000,11670.000,0.000,0.000
1458777600,10000.000,11650.000,0.000,0.000
1458864000,10000.000,11720.000,0.000,0.000
1459123200,10000.000,11810.000,0.000,0.000
1459209600,10000.000,11640.000,0.000,0.000
1459296000,10000.000,11880.000,0.000,0.000
1459382400,10000.000,11940.000,0.000,0.000
1459468800,10000.000,11870.000,0.000,0.000
1459814400,10000.000,12050.000,0.000,0.000
1459900800,10000.000,12190.000,0.000,0.000
1459987200,10000.000,12010.000,0.000,0.000
1460073600,10000.000,11940.000,0.000,0.000
1460332800,10000.000,12090.000,0.000,0.000
1460419200,10000.000,12050.000,0.000,0.000
1460505600,10000.000,12100.000,0.000,0.000
1460592000,10000.000,12200.000,0.000,0.000
1460678400,10000.000,12150.000,0.000,0.000
1460937600,10000.000,12060.000,0.000,0.000
1461024000,10000.000,12110.000,0.000,0.000
1461110400,10000.000,11760.000,0.000,0.000
1461196800,10000.000,11730.000,0.000,0.000
1461283200,10000.000,11940.000,0.000,0.000
1461542400,10000.000,11900.000,0.000,0.000
1461628800,10000.000,12010.000,0.000,0.000
1461715200,10000.000,12060.000,0.000,0.000
1461801600,10000.000,12040.000,0.000,0.000
1461888000,10000.000,12130.000,0.000,0.000
1462233600,10000.000,12589.000,0.000,0.000
1462320000,10000.000,12500.000,0.000,0.000
1462406400,10000.000,12520.000,0.000,0.000
1462492800,10000.000,12120.000,0.000,0.000
1462752000,10000.000,12020.000,0.000,0.000
1462838400,10000.000,12180.000,0.000,0.000
1462924800,10000.000,12350.000,0.000,0.000
1463011200,10000.000,12330.000,0.000,0.000
1463097600,10000.000,12210.000,0.000,0.000
1463356800,10000.000,12380.000,0.000,0.000
1463443200,10000.000,12250.000,0.000,0.000
1463529600,10000.000,12000.000,0.000,0.000
1463616000,10000.000,11990.000,0.000,0.000
1463702400,10000.000,12100.000,0.000,0.000
1463961600,10000.000,12240.000,0.000,0.000
1464048000,10000.000,12090.000,0.000,0.000
1464134400,10000.000,12000.000,0.000,0.000
1464220800,10000.000,12080.000,0.000,0.000
1464307200,10000.000,12070.000,0.000,0.000
1464566400,10000.000,12030.000,0.000,0.000
1464652800,10000.000,12430.000,0.000,0.000
1464739200,10000.000,12460.000,0.000,0.000
1464825600,10000.000,12520.000,0.000,0.000
1464912000,10000.000,12790.000,0.000,0.000
1465171200,10000.000,12840.000,0.000,0.000
1465257600,10000.000,12880.000,0.000,0.000
1465344000,10000.000,12740.000,0.000,0.000
1465776000,10000.000,12390.000,0.000,0.000
1465862400,10000.000,12620.000,0.000,0.000
1465948800,10000.000,12910.000,0.000,0.000
1466035200,10000.000,12840.000,0.000,0.000
1466121600,10000.000,13060.000,0.000,0.000
1466380800,10000.000,13010.000,0.000,0.000
1466467200,10000.000,12870.000,0.000,0.000
1466553600,10000.000,12980.000,0.000,0.000
1466640000,10000.000,12900.000,0.000,0.000
1466726400,10000.000,12790.000,0.000,0.000
1466985600,10000.000,13120.000,0.000,0.000
1467072000,10000.000,13110.000,0.000,0.000
1467158400,10000.000,13110.000,0.000,0.000
1467244800,10000.000,13160.000,0.000,0.000
1467331200,10000.000,13160.000,0.000,0.000
1467590400,10000.000,13340.000,0.000,0.000
1467676800,10000.000,13410.000,0.000,0.000
1467763200,10000.000,13720.000,0.000,0.000
1467849600,10000.000,13640.000,0.000,0.000
1467936000,10000.000,13620.000,0.000,0.000
1468195200,10000.000,13819.000,0.000,0.000
1468281600,10000.000,14260.000,0.000,0.000
1468368000,10000.000,14120.000,0.000,0.000
1468454400,10000.000,14090.000,0.000,0.000
1468540800,10000.000,14220.000,0.000,0.000
1468800000,10000.000,14180.000,0.000,0.000
1468886400,10000.000,13939.000,0.000,0.000
1468972800,10000.000,13910.000,0.000,0.000
1469059200,10000.000,14000.000,0.000,0.000
1469145600,10000.000,13740.000,0.000,0.000
1469404800,10000.000,13750.000,0.000,0.000
1469491200,10000.000,14140.000,0.000,0.000
1469577600,10000.000,13870.000,0.000,0.000
1469664000,10000.000,14100.000,0.000,0.000
1469750400,10000.000,14080.000,0.000,0.000
1470009600,10000.000,13819.000,0.000,0.000
1470096000,10000.000,13810.000,0.000,0.000
1470182400,10000.000,13850.000,0.000,0.000
1470268800,10000.000,13839.000,0.000,0.000
1470355200,10000.000,13770.000,0.000,0.000
1470614400,10000.000,13879.000,0.000,0.000
1470700800,10000.000,14060.000,0.000,0.000
1470787200,10000.000,13970.000,0.000,0.000
1470873600,10000.000,13959.000,0.000,0.000
1470960000,10000.000,14030.000,0.000,0.000
1471219200,10000.000,14320.000,0.000,0.000
1471305600,10000.000,14320.000,0.000,0.000
1471392000,10000.000,14370.000,0.000,0.000
1471478400,10000.000,14240.000,0.000,0.000
1471564800,10000.000,14170.000,0.000,0.000
1471824000,10000.000,14130.000,0.000,0.000
1471910400,10000.000,14120.000,0.000,0.000
1471996800,10000.000,14030.000,0.000,0.000
1472083200,10000.000,13919.000,0.000,0.000
1472169600,10000.000,13890.000,0.000,0.000
1472428800,10000.000,13810.000,0.000,0.000
1472515200,10000.000,13819.000,0.000,0.000
1472601600,10000.000,13859.000,0.000,0.000
1472688000,10000.000,13790.000,0.000,0.000
1472774400,10000.000,13710.000,0.000,0.000
1473033600,10000.000,13759.000,0.000,0.000
1473120000,10000.000,13879.000,0.000,0.000
1473206400,10000.000,13799.000,0.000,0.000
1473292800,10000.000,13770.000,0.000,0.000
1473379200,10000.000,13670.000,0.000,0.000
1473638400,10000.000,13370.000,0.000,0.000
1473724800,10000.000,13420.000,0.000,0.000
1473811200,10000.000,13280.000,0.000,0.000
1474243200,10000.000,13440.000,0.000,0.000
1474329600,10000.000,13420.000,0.000,0.000
1474416000,10000.000,13430.000,0.000,0.000
1474502400,10000.000,13540.000,0.000,0.000
1474588800,10000.000,13510.000,0.000,0.000
1474848000,10000.000,13320.000,0.000,0.000
1474934400,10000.000,13410.000,0.000,0.000
1475020800,10000.000,13420.000,0.000,0.000
1475107200,10000.000,13480.000,0.000,0.000
1475193600,10000.000,13650.000,0.000,0.000
1476057600,10000.000,13770.000,0.000,0.000
1476144000,10000.000,13770.000,0.000,0.000
1476230400,10000.000,13750.000,0.000,0.000
1476316800,10000.000,13690.000,0.000,0.000
1476403200,10000.000,13680.000,0.000,0.000
1476662400,10000.000,13590.000,0.000,0.000
1476748800,10000.000,13750.000,0.000,0.000
1476835200,10000.000,13700.000,0.000,0.000
1476921600,10000.000,13700.000,0.000,0.000
1477008000,10000.000,13690.000,0.000,0.000
1477267200,10000.000,13759.000,0.000,0.000
1477353600,10000.000,13970.000,0.000,0.000
1477440000,10000.000,14040.000,0.000,0.000
1477526400,10000.000,14010.000,0.000,0.000
1477612800,10000.000,13990.000,0.000,0.000
1477872000,10000.000,14040.000,0.000,0.000
1477958400,10000.000,14150.000,0.000,0.000
1478044800,10000.000,14030.000,0.000,0.000
1478131200,10000.000,14050.000,0.000,0.000
1478217600,10000.000,13939.000,0.000,0.000
1478476800,10000.000,13919.000,0.000,0.000
1478563200,10000.000,14060.000,0.000,0.000
1478649600,10000.000,13970.000,0.000,0.000
1478736000,10000.000,14100.000,0.000,0.000
1478822400,10000.000,14040.000,0.000,0.000
1479081600,10000.000,13939.000,0.000,0.000
1479168000,10000.000,14040.000,0.000,0.000
1479254400,10000.000,14000.000,0.000,0.000
1479340800,10000.000,14040.000,0.000,0.000
1479427200,10000.000,14000.000,0.000,0.000
1479686400,10000.000,14020.000,0.000,0.000
1479772800,10000.000,14070.000,0.000,0.000
1479859200,10000.000,14270.000,0.000,0.000
1479945600,10000.000,14460.000,0.000,0.000
1480032000,10000.000,14550.000,0.000,0.000
1480291200,10000.000,14660.000,0.000,0.000
1480377600,10000.000,14960.000,0.000,0.000
1480464000,10000.000,14750.000,0.000,0.000
1480550400,10000.000,14950.000,0.000,0.000
1480636800,10000.000,14690.000,0.000,0.000
1480896000,10000.000,14380.000,0.000,0.000
1480982400,10000.000,14520.000,0.000,0.000
1481068800,10000.000,14550.000,0.000,0.000
1481155200,10000.000,14690.000,0.000,0.000
1481241600,10000.000,14750.000,0.000,0.000
1481500800,10000.000,14350.000,0.000,0.000
1481587200,10000.000,14460.000,0.000,0.000
1481673600,10000.000,14300.000,0.000,0.000
1481760000,10000.000,14090.000,0.000,0.000
1481846400,10000.000,14200.000,0.000,0.000
1482105600,10000.000,14180.000,0.000,0.000
1482192000,10000.000,14110.000,0.000,0.000
1482278400,10000.000,14170.000,0.000,0.000
1482364800,10000.000,14180.000,0.000,0.000
1482451200,10000.000,14000.000,0.000,0.000
1482710400,10000.000,14040.000,0.000,0.000
1482796800,10000.000,14070.000,0.000,0.000
1482883200,10000.000,14010.000,0.000,0.000
1482969600,10000.000,14010.000,0.000,0.000
1483056000,10000.000,14130.000,0.000,0.000
1483142400,10000.000,14130.000,0.000,0.000
1483401600,10000.000,14260.000,0.000,0.000
1483488000,10000.000,14550.000,0.000,0.000
1483574400,10000.000,14500.000,0.000,0.000
1483660800,10000.000,14460.000,0.000,0.000
1483920000,10000.000,14490.000,0.000,0.000
1484006400,10000.000,14530.000,0.000,0.000
1484092800,10000.000,14370.000,0.000,0.000
1484179200,10000.000,14250.000,0.000,0.000
1484265600,10000.000,14220.000,0.000,0.000
1484524800,10000.000,14210.000,0.000,0.000
1484611200,10000.000,14350.000,0.000,0.000
1484697600,10000.000,14490.000,0.000,0.000
1484784000,10000.000,14500.000,0.000,0.000
1484870400,10000.000,14610.000,0.000,0.000
1485129600,10000.000,14590.000,0.000,0.000
1485216000,10000.000,14600.000,0.000,0.000
1485302400,10000.000,14640.000,0.000,0.000
1485388800,10000.000,14660.000,0.000,0.000
1486080000,10000.000,14560.000,0.000,0.000
1486339200,10000.000,14600.000,0.000,0.000
1486425600,10000.000,14570.000,0.000,0.000
1486512000,10000.000,14620.000,0.000,0.000
1486598400,10000.000,14700.000,0.000,0.000
1486684800,10000.000,14730.000,0.000,0.000
1486944000,10000.000,14990.000,0.000,0.000
1487030400,10000.000,14960.000,0.000,0.000
1487116800,10000.000,14910.000,0.000,0.000
1487203200,10000.000,15020.000,0.000,0.000
1487289600,10000.000,15100.000,0.000,0.000
1487548800,10000.000,15550.000,0.000,0.000
1487635200,10000.000,15530.000,0.000,0.000
1487721600,10000.000,15670.000,0.000,0.000
1487808000,10000.000,15620.000,0.000,0.000
1487894400,10000.000,15550.000,0.000,0.000
1488153600,10000.000,15330.000,0.000,0.000
1488240000,10000.000,15380.000,0.000,0.000
1488326400,10000.000,15430.000,0.000,0.000
1488412800,10000.000,15370.000,0.000,0.000
1488499200,10000.000,15420.000,0.000,0.000
1488758400,10000.000,15640.000,0.000,0.000
1488844800,10000.000,15800.000,0.000,0.000
1488931200,10000.000,15760.000,0.000,0.000
1489017600,10000.000,15690.000,0.000,0.000
1489104000,10000.000,15870.000,0.000,0.000
1489363200,10000.000,15970.000,0.000,0.000
1489449600,10000.000,15950.000,0.000,0.000
1489536000,10000.000,16080.000,0.000,0.000
1489622400,10000.000,16000.000,0.000,0.000
1489708800,10000.000,15910.000,0.000,0.000
1489968000,10000.000,15960.000,0.000,0.000
1490054400,10000.000,16350.000,0.000,0.000
1490140800,10000.000,16510.000,0.000,0.000
1490227200,10000.000,16490.000,0.000,0.000
1490313600,10000.000,16500.000,0.000,0.000
1490572800,10000.000,16259.000,0.000,0.000
1490659200,10000.000,16250.000,0.000,0.000
1490745600,10000.000,16310.000,0.000,0.000
1490832000,10000.000,16210.000,0.000,0.000
1490918400,10000.000,16370.000,0.000,0.000
1491350400,10000.000,16370.000,0.000,0.000
1491436800,10000.000,16410.000,0.000,0.000
1491523200,10000.000,16379.000,0.000,0.000
1491782400,10000.000,16160.000,0.000,0.000
1491868800,10000.000,16050.000,0.000,0.000
1491955200,10000.000,16140.000,0.000,0.000
1492041600,10000.000,16310.000,0.000,0.000
1492128000,10000.000,16170.000,0.000,0.000
1492387200,10000.000,16330.000,0.000,0.000
1492473600,10000.000,16650.000,0.000,0.000
1492560000,10000.000,16730.000,0.000,0.000
1492646400,10000.000,17030.000,0.000,0.000
1492732800,10000.000,16910.000,0.000,0.000
1492992000,10000.000,16760.000,0.000,0.000
1493078400,10000.000,17140.000,0.000,0.000
1493164800,10000.000,17020.000,0.000,0.000
1493251200,10000.000,17050.000,0.000,0.000
1493337600,10000.000,16810.000,0.000,0.000
1493683200,10000.000,16850.000,0.000,0.000
1493769600,10000.000,16930.000,0.000,0.000
1493856000,10000.000,16870.000,0.000,0.000
1493942400,10000.000,16890.000,0.000,0.000
1494201600,10000.000,16610.000,0.000,0.000
1494288000,10000.000,16580.000,0.000,0.000
1494374400,10000.000,16610.000,0.000,0.000
1494460800,10000.000,16880.000,0.000,0.000
1494547200,10000.000,16970.000,0.000,0.000
1494806400,10000.000,17040.000,0.000,0.000
1494892800,10000.000,17360.000,0.000,0.000
1494979200,10000.000,17130.000,0.000,0.000
1495065600,10000.000,17090.000,0.000,0.000
1495152000,10000.000,17250.000,0.000,0.000
1495411200,10000.000,17310.000,0.000,0.000
1495497600,10000.000,17530.000,0.000,0.000
1495584000,10000.000,17460.000,0.000,0.000
1495670400,10000.000,17410.000,0.000,0.000
1495756800,10000.000,17480.000,0.000,0.000
1496188800,10000.000,17500.000,0.000,0.000
1496275200,10000.000,17580.000,0.000,0.000
1496361600,10000.000,17510.000,0.000,0.000
1496620800,10000.000,17390.000,0.000,0.000
1496707200,10000.000,17730.000,0.000,0.000
1496793600,10000.000,18010.000,0.000,0.000
1496880000,10000.000,18350.000,0.000,0.000
1496966400,10000.000,18400.000,0.000,0.000
1497225600,10000.000,18650.000,0.000,0.000
1497312000,10000.000,18690.000,0.000,0.000
1497398400,10000.000,18450.000,0.000,0.000
1497484800,10000.000,18340.000,0.000,0.000
1497571200,10000.000,18200.000,0.000,0.000
1497830400,10000.000,18410.000,0.000,0.000
1497916800,10000.000,18370.000,0.000,0.000
1498003200,10000.000,18790.000,0.000,0.000
1498089600,10000.000,18720.000,0.000,0.000
1498176000,10000.000,18980.000,0.000,0.000
1498435200,10000.000,19270.000,0.000,0.000
1498521600,10000.000,19280.000,0.000,0.000
1498608000,10000.000,18930.000,0.000,0.000
1498694400,10000.000,18940.000,0.000,0.000
1498780800,10000.000,19040.000,0.000,0.000
1499040000,10000.000,18740.000,0.000,0.000
1499126400,10000.000,18520.000,0.000,0.000
1499212800,10000.000,18800.000,0.000,0.000
1499299200,10000.000,18810.000,0.000,0.000
1499385600,10000.000,18580.000,0.000,0.000
1499644800,10000.000,18610.000,0.000,0.000
1499731200,10000.000,18950.000,0.000,0.000
1499817600,10000.000,18700.000,0.000,0.000
1499904000,10000.000,18650.000,0.000,0.000
1499990400,10000.000,18770.000,0.000,0.000
1500249600,10000.000,18580.000,0.000,0.000
1500336000,10000.000,18550.000,0.000,0.000
1500422400,10000.000,18670.000,0.000,0.000
1500508800,10000.000,18950.000,0.000,0.000
1500595200,10000.000,18940.000,0.000,0.000
1500854400,10000.000,19210.000,0.000,0.000
1500940800,10000.000,19160.000,0.000,0.000
1501027200,10000.000,18790.000,0.000,0.000
1501113600,10000.000,18720.000,0.000,0.000
1501200000,10000.000,19040.000,0.000,0.000
1501459200,10000.000,19000.000,0.000,0.000
1501545600,10000.000,19050.000,0.000,0.000
1501632000,10000.000,18950.000,0.000,0.000
1501718400,10000.000,18650.000,0.000,0.000
1501804800,10000.000,18510.000,0.000,0.000
1502064000,10000.000,18900.000,0.000,0.000
1502150400,10000.000,18910.000,0.000,0.000
1502236800,10000.000,19310.000,0.000,0.000
1502323200,10000.000,19290.000,0.000,0.000
1502409600,10000.000,19010.000,0.000,0.000
1502668800,10000.000,19290.000,0.000,0.000
1502755200,10000.000,19240.000,0.000,0.000
1502841600,10000.000,19110.000,0.000,0.000
1502928000,10000.000,19030.000,0.000,0.000
1503014400,10000.000,19030.000,0.000,0.000
1503273600,10000.000,19110.000,0.000,0.000
1503360000,10000.000,19090.000,0.000,0.000
1503446400,10000.000,19170.000,0.000,0.000
1503532800,10000.000,19150.000,0.000,0.000
1503619200,10000.000,19250.000,0.000,0.000
1503878400,10000.000,19410.000,0.000,0.000
1503964800,10000.000,19260.000,0.000,0.000
1504051200,10000.000,19440.000,0.000,0.000
1504137600,10000.000,19390.000,0.000,0.000
1504224000,10000.000,19370.000,0.000,0.000
1504483200,10000.000,19210.000,0.000,0.000
1504569600,10000.000,19250.000,0.000,0.000
1504656000,10000.000,19140.000,0.000,0.000
1504742400,10000.000,19020.000,0.000,0.000
1504828800,10000.000,18890.000,0.000,0.000
1505088000,10000.000,18950.000,0.000,0.000
1505174400,10000.000,19020.000,0.000,0.000
1505260800,10000.000,19300.000,0.000,0.000
1505347200,10000.000,19280.000,0.000,0.000
1505433600,10000.000,19440.000,0.000,0.000
1505692800,10000.000,19660.000,0.000,0.000
1505779200,10000.000,19500.000,0.000,0.000
1505865600,10000.000,19650.000,0.000,0.000
1505952000,10000.000,19620.000,0.000,0.000
1506038400,10000.000,19780.000,0.000,0.000
1506297600,10000.000,19930.000,0.000,0.000
1506384000,10000.000,19810.000,0.000,0.000
1506470400,10000.000,19800.000,0.000,0.000
1506556800,10000.000,19910.000,0.000,0.000
1506643200,10000.000,20040.000,0.000,0.000
1507507200,10000.000,20419.000,0.000,0.000
1507593600,10000.000,20540.000,0.000,0.000
1507680000,10000.000,20920.000,0.000,0.000
1507766400,10000.000,20940.000,0.000,0.000
1507852800,10000.000,20940.000,0.000,0.000
1508112000,10000.000,20790.000,0.000,0.000
1508198400,10000.000,20880.000,0.000,0.000
1508284800,10000.000,21170.000,0.000,0.000
1508371200,10000.000,21380.000,0.000,0.000
1508457600,10000.000,21150.000,0.000,0.000
1508716800,10000.000,21250.000,0.000,0.000
1508803200,10000.000,21370.000,0.000,0.000
1508889600,10000.000,21570.000,0.000,0.000
1508976000,10000.000,21720.000,0.000,0.000
1509062400,10000.000,22120.000,0.000,0.000
1509321600,10000.000,22050.000,0.000,0.000
1509408000,10000.000,21890.000,0.000,0.000
1509494400,10000.000,21780.000,0.000,0.000
1509580800,10000.000,21940.000,0.000,0.000
1509667200,10000.000,21970.000,0.000,0.000
1509926400,10000.000,22580.000,0.000,0.000
1510012800,10000.000,22559.000,0.000,0.000
1510099200,10000.000,22390.000,0.000,0.000
1510185600,10000.000,22540.000,0.000,0.000
1510272000,10000.000,23060.000,0.000,0.000
1510531200,10000.000,22970.000,0.000,0.000
1510617600,10000.000,22630.000,0.000,0.000
1510704000,10000.000,22759.000,0.000,0.000
1510790400,10000.000,23150.000,0.000,0.000
1510876800,10000.000,23090.000,0.000,0.000
1511136000,10000.000,23020.000,0.000,0.000
1511222400,10000.000,23480.000,0.000,0.000
1511308800,10000.000,23110.000,0.000,0.000
1511395200,10000.000,22190.000,0.000,0.000
1511481600,10000.000,22210.000,0.000,0.000
1511740800,10000.000,21910.000,0.000,0.000
1511827200,10000.000,22090.000,0.000,0.000
1511913600,10000.000,21620.000,0.000,0.000
1512000000,10000.000,21380.000,0.000,0.000
1512086400,10000.000,21370.000,0.000,0.000
1512345600,10000.000,21800.000,0.000,0.000
1512432000,10000.000,21940.000,0.000,0.000
1512518400,10000.000,21720.000,0.000,0.000
1512604800,10000.000,21300.000,0.000,0.000
1512691200,10000.000,21680.000,0.000,0.000
1512950400,10000.000,22480.000,0.000,0.000
1513036800,10000.000,22320.000,0.000,0.000
1513123200,10000.000,22850.000,0.000,0.000
1513209600,10000.000,22810.000,0.000,0.000
1513296000,10000.000,22590.000,0.000,0.000
1513555200,10000.000,22940.000,0.000,0.000
1513641600,10000.000,23140.000,0.000,0.000
1513728000,10000.000,23440.000,0.000,0.000
1513814400,10000.000,23560.000,0.000,0.000
1513900800,10000.000,23410.000,0.000,0.000
1514160000,10000.000,23490.000,0.000,0.000
1514246400,10000.000,23260.000,0.000,0.000
1514332800,10000.000,22799.000,0.000,0.000
1514419200,10000.000,23340.000,0.000,0.000
1514505600,10000.000,23310.000,0.000,0.000
1514678400,10000.000,23310.000,0.000,0.000
1514851200,10000.000,23420.000,0.000,0.000
1514937600,10000.000,23470.000,0.000,0.000
1515024000,10000.000,23849.000,0.000,0.000
1515110400,10000.000,23900.000,0.000,0.000
1515369600,10000.000,24110.000,0.000,0.000
1515456000,10000.000,24700.000,0.000,0.000
1515542400,10000.000,25050.000,0.000,0.000
1515628800,10000.000,24850.000,0.000,0.000
1515715200,10000.000,25270.000,0.000,0.000
1515974400,10000.000,25360.000,0.000,0.000
1516060800,10000.000,25400.000,0.000,0.000
1516147200,10000.000,24840.000,0.000,0.000
1516233600,10000.000,24870.000,0.000,0.000
1516320000,10000.000,24570.000,0.000,0.000
1516579200,10000.000,25540.000,0.000,0.000
1516665600,10000.000,25630.000,0.000,0.000
1516752000,10000.000,25310.000,0.000,0.000
1516838400,10000.000,25259.000,0.000,0.000
1516924800,10000.000,25450.000,0.000,0.000
1517184000,10000.000,24610.000,0.000,0.000
1517270400,10000.000,24450.000,0.000,0.000
1517356800,10000.000,24850.000,0.000,0.000
1517443200,10000.000,24610.000,0.000,0.000
1517529600,10000.000,24510.000,0.000,0.000
1517788800,10000.000,23790.000,0.000,0.000
1517875200,10000.000,23480.000,0.000,0.000
1517961600,10000.000,22650.000,0.000,0.000
1518048000,10000.000,22879.000,0.000,0.000
1518134400,10000.000,22420.000,0.000,0.000
1518393600,10000.000,23120.000,0.000,0.000
1518480000,10000.000,23330.000,0.000,0.000
1518566400,10000.000,23670.000,0.000,0.000
1519257600,10000.000,24280.000,0.000,0.000
1519344000,10000.000,24160.000,0.000,0.000
1519603200,10000.000,24230.000,0.000,0.000
1519689600,10000.000,23730.000,0.000,0.000
1519776000,10000.000,23410.000,0.000,0.000
1519862400,10000.000,23540.000,0.000,0.000
1519948800,10000.000,23580.000,0.000,0.000
1520208000,10000.000,23340.000,0.000,0.000
1520294400,10000.000,23390.000,0.000,0.000
1520380800,10000.000,23370.000,0.000,0.000
1520467200,10000.000,23900.000,0.000,0.000
1520553600,10000.000,24009.000,0.000,0.000
1520812800,10000.000,24020.000,0.000,0.000
1520899200,10000.000,23849.000,0.000,0.000
1520985600,10000.000,23929.000,0.000,0.000
1521072000,10000.000,24310.000,0.000,0.000
1521158400,10000.000,24009.000,0.000,0.000
1521417600,10000.000,24040.000,0.000,0.000
1521504000,10000.000,23849.000,0.000,0.000
1521590400,10000.000,23630.000,0.000,0.000
1521676800,10000.000,23080.000,0.000,0.000
1521763200,10000.000,22750.000,0.000,0.000
1522022400,10000.000,22519.000,0.000,0.000
1522108800,10000.000,22360.000,0.000,0.000
1522195200,10000.000,21560.000,0.000,0.000
1522281600,10000.000,22190.000,0.000,0.000
1522368000,10000.000,22140.000,0.000,0.000
1522627200,10000.000,21970.000,0.000,0.000
1522713600,10000.000,22030.000,0.000,0.000
1522800000,10000.000,22440.000,0.000,0.000
1523232000,10000.000,22220.000,0.000,0.000
1523318400,10000.000,22490.000,0.000,0.000
1523404800,10000.000,22570.000,0.000,0.000
1523491200,10000.000,22410.000,0.000,0.000
1523577600,10000.000,22180.000,0.000,0.000
1523836800,10000.000,21960.000,0.000,0.000
1523923200,10000.000,21690.000,0.000,0.000
1524009600,10000.000,21480.000,0.000,0.000
1524096000,10000.000,22100.000,0.000,0.000
1524182400,10000.000,21930.000,0.000,0.000
1524441600,10000.000,21970.000,0.000,0.000
1524528000,10000.000,22540.000,0.000,0.000
1524614400,10000.000,22630.000,0.000,0.000
1524700800,10000.000,21990.000,0.000,0.000
1524787200,10000.000,21760.000,0.000,0.000
1525219200,10000.000,22030.000,0.000,0.000
1525305600,10000.000,22360.000,0.000,0.000
1525392000,10000.000,22340.000,0.000,0.000
1525651200,10000.000,22990.000,0.000,0.000
1525737600,10000.000,23210.000,0.000,0.000
1525824000,10000.000,23210.000,0.000,0.000
1525910400,10000.000,23460.000,0.000,0.000
1525996800,10000.000,23260.000,0.000,0.000
1526256000,10000.000,23769.000,0.000,0.000
1526342400,10000.000,23840.000,0.000,0.000
1526428800,10000.000,23809.000,0.000,0.000
1526515200,10000.000,23380.000,0.000,0.000
1526601600,10000.000,23590.000,0.000,0.000
1526860800,10000.000,23530.000,0.000,0.000
1526947200,10000.000,23570.000,0.000,0.000
1527033600,10000.000,23180.000,0.000,0.000
1527120000,10000.000,22980.000,0.000,0.000
1527206400,10000.000,23090.000,0.000,0.000
1527465600,10000.000,23769.000,0.000,0.000
1527552000,10000.000,23540.000,0.000,0.000
1527638400,10000.000,23630.000,0.000,0.000
1527724800,10000.000,24390.000,0.000,0.000
1527811200,10000.000,24089.000,0.000,0.000
1528070400,10000.000,24730.000,0.000,0.000
1528156800,10000.000,25000.000,0.000,0.000
1528243200,10000.000,24940.000,0.000,0.000
1528329600,10000.000,24740.000,0.000,0.000
1528416000,10000.000,24670.000,0.000,0.000
1528675200,10000.000,24750.000,0.000,0.000
1528761600,10000.000,25550.000,0.000,0.000
1528848000,10000.000,25350.000,0.000,0.000
1528934400,10000.000,24980.000,0.000,0.000
1529020800,10000.000,24910.000,0.000,0.000
1529366400,10000.000,24049.000,0.000,0.000
1529452800,10000.000,24570.000,0.000,0.000
1529539200,10000.000,24420.000,0.000,0.000
1529625600,10000.000,24410.000,0.000,0.000
1529884800,10000.000,24430.000,0.000,0.000
1529971200,10000.000,24160.000,0.000,0.000
1530057600,10000.000,23390.000,0.000,0.000
1530144000,10000.000,22839.000,0.000,0.000
1530230400,10000.000,23520.000,0.000,0.000
1530316800,10000.000,23520.000,0.000,0.000
1530489600,10000.000,22940.000,0.000,0.000
1530576000,10000.000,22480.000,0.000,0.000
1530662400,10000.000,22150.000,0.000,0.000
1530748800,10000.000,22060.000,0.000,0.000
1530835200,10000.000,22230.000,0.000,0.000
1531094400,10000.000,22950.000,0.000,0.000
1531180800,10000.000,22930.000,0.000,0.000
1531267200,10000.000,22639.000,0.000,0.000
1531353600,10000.000,23140.000,0.000,0.000
1531440000,10000.000,23580.000,0.000,0.000
1531699200,10000.000,23560.000,0.000,0.000
1531785600,10000.000,23220.000,0.000,0.000
1531872000,10000.000,22980.000,0.000,0.000
1531958400,10000.000,22910.000,0.000,0.000
1532044800,10000.000,22930.000,0.000,0.000
1532304000,10000.000,22770.000,0.000,0.000
1532390400,10000.000,23400.000,0.000,0.000
1532476800,10000.000,23280.000,0.000,0.000
1532563200,10000.000,23020.000,0.000,0.000
1532649600,10000.000,22960.000,0.000,0.000
1532908800,10000.000,22710.000,0.000,0.000
1532995200,10000.000,22870.000,0.000,0.000
1533081600,10000.000,22340.000,0.000,0.000
1533168000,10000.000,21640.000,0.000,0.000
1533254400,10000.000,21020.000,0.000,0.000
1533513600,10000.000,20740.000,0.000,0.000
1533600000,10000.000,21250.000,0.000,0.000
1533686400,10000.000,20630.000,0.000,0.000
1533772800,10000.000,21210.000,0.000,0.000
1533859200,10000.000,21340.000,0.000,0.000
1534118400,10000.000,21170.000,0.000,0.000
1534204800,10000.000,21070.000,0.000,0.000
1534291200,10000.000,20490.000,0.000,0.000
1534377600,10000.000,20130.000,0.000,0.000
1534464000,10000.000,19790.000,0.000,0.000
1534723200,10000.000,19930.000,0.000,0.000
1534809600,10000.000,20570.000,0.000,0.000
1534896000,10000.000,20350.000,0.000,0.000
1534982400,10000.000,20370.000,0.000,0.000
1535068800,10000.000,20240.000,0.000,0.000
1535328000,10000.000,20970.000,0.000,0.000
1535414400,10000.000,20870.000,0.000,0.000
1535500800,10000.000,20720.000,0.000,0.000
1535587200,10000.000,20590.000,0.000,0.000
1535673600,10000.000,20150.000,0.000,0.000
1535932800,10000.000,20110.000,0.000,0.000
1536019200,10000.000,20240.000,0.000,0.000
1536105600,10000.000,19750.000,0.000,0.000
1536192000,10000.000,19450.000,0.000,0.000
1536278400,10000.000,19680.000,0.000,0.000
1536537600,10000.000,19540.000,0.000,0.000
1536624000,10000.000,19560.000,0.000,0.000
1536710400,10000.000,19240.000,0.000,0.000
1536796800,10000.000,19310.000,0.000,0.000
1536883200,10000.000,19540.000,0.000,0.000
1537142400,10000.000,19400.000,0.000,0.000
1537228800,10000.000,19830.000,0.000,0.000
1537315200,10000.000,20280.000,0.000,0.000
1537401600,10000.000,20310.000,0.000,0.000
1537488000,10000.000,20800.000,0.000,0.000
1537833600,10000.000,20670.000,0.000,0.000
1537920000,10000.000,21030.000,0.000,0.000
1538006400,10000.000,21050.000,0.000,0.000
1538092800,10000.000,21200.000,0.000,0.000
1538956800,10000.000,20179.000,0.000,0.000
1539043200,10000.000,20280.000,0.000,0.000
1539129600,10000.000,19820.000,0.000,0.000
1539216000,10000.000,19200.000,0.000,0.000
1539302400,10000.000,19580.000,0.000,0.000
1539561600,10000.000,19120.000,0.000,0.000
1539648000,10000.000,19020.000,0.000,0.000
1539734400,10000.000,19040.000,0.000,0.000
1539820800,10000.000,18630.000,0.000,0.000
1539907200,10000.000,19200.000,0.000,0.000
1540166400,10000.000,19990.000,0.000,0.000
1540252800,10000.000,19100.000,0.000,0.000
1540339200,10000.000,18810.000,0.000,0.000
1540425600,10000.000,18530.000,0.000,0.000
1540512000,10000.000,18300.000,0.000,0.000
1540771200,10000.000,17230.000,0.000,0.000
1540857600,10000.000,17130.000,0.000,0.000
1540944000,10000.000,17520.000,0.000,0.000
1541030400,10000.000,17810.000,0.000,0.000
1541116800,10000.000,18660.000,0.000,0.000
1541376000,10000.000,18420.000,0.000,0.000
1541462400,10000.000,18200.000,0.000,0.000
1541548800,10000.000,18200.000,0.000,0.000
1541635200,10000.000,18190.000,0.000,0.000
1541721600,10000.000,18020.000,0.000,0.000
1541980800,10000.000,18120.000,0.000,0.000
1542067200,10000.000,18460.000,0.000,0.000
1542153600,10000.000,18210.000,0.000,0.000
1542240000,10000.000,18290.000,0.000,0.000
1542326400,10000.000,18360.000,0.000,0.000
1542585600,10000.000,18510.000,0.000,0.000
1542672000,10000.000,18150.000,0.000,0.000
1542758400,10000.000,18240.000,0.000,0.000
1542844800,10000.000,18260.000,0.000,0.000
1542931200,10000.000,17940.000,0.000,0.000
1543190400,10000.000,17890.000,0.000,0.000
1543276800,10000.000,17810.000,0.000,0.000
1543363200,10000.000,18010.000,0.000,0.000
1543449600,10000.000,17940.000,0.000,0.000
1543536000,10000.000,18180.000,0.000,0.000
1543795200,10000.000,18870.000,0.000,0.000
1543881600,10000.000,18840.000,0.000,0.000
1543968000,10000.000,18880.000,0.000,0.000
1544054400,10000.000,18450.000,0.000,0.000
1544140800,10000.000,18380.000,0.000,0.000
1544400000,10000.000,18140.000,0.000,0.000
1544486400,10000.000,18220.000,0.000,0.000
1544572800,10000.000,18360.000,0.000,0.000
1544659200,10000.000,18840.000,0.000,0.000
1544745600,10000.000,18600.000,0.000,0.000
1545004800,10000.000,18490.000,0.000,0.000
1545091200,10000.000,18340.000,0.000,0.000
1545177600,10000.000,18110.000,0.000,0.000
1545264000,10000.000,18050.000,0.000,0.000
1545350400,10000.000,17830.000,0.000,0.000
1545609600,10000.000,17960.000,0.000,0.000
1545696000,10000.000,17900.000,0.000,0.000
1545782400,10000.000,17740.000,0.000,0.000
1545868800,10000.000,17670.000,0.000,0.000
1545955200,10000.000,17840.000,0.000,0.000
1546214400,10000.000,17840.000,0.000,0.000
1546387200,10000.000,17640.000,0.000,0.000
1546473600,10000.000,17360.000,0.000,0.000
1546560000,10000.000,17690.000,0.000,0.000
1546819200,10000.000,17780.000,0.000,0.000
1546905600,10000.000,17750.000,0.000,0.000
1546992000,10000.000,18140.000,0.000,0.000
1547078400,10000.000,18120.000,0.000,0.000
1547164800,10000.000,18340.000,0.000,0.000
1547424000,10000.000,18150.000,0.000,0.000
1547510400,10000.000,18870.000,0.000,0.000
1547596800,10000.000,18830.000,0.000,0.000
1547683200,10000.000,18740.000,0.000,0.000
1547769600,10000.000,19180.000,0.000,0.000
1548028800,10000.000,19360.000,0.000,0.000
1548115200,10000.000,19100.000,0.000,0.000
1548201600,10000.000,19180.000,0.000,0.000
1548288000,10000.000,19310.000,0.000,0.000
1548374400,10000.000,19440.000,0.000,0.000
1548633600,10000.000,19600.000,0.000,0.000
1548720000,10000.000,19800.000,0.000,0.000
1548806400,10000.000,19490.000,0.000,0.000
1548892800,10000.000,19770.000,0.000,0.000
1548979200,10000.000,19960.000,0.000,0.000
1549843200,10000.000,20690.000,0.000,0.000
1549929600,10000.000,20780.000,0.000,0.000
1550016000,10000.000,20970.000,0.000,0.000
1550102400,10000.000,21250.000,0.000,0.000
1550188800,10000.000,20850.000,0.000,0.000
1550448000,10000.000,21530.000,0.000,0.000
1550534400,10000.000,21480.000,0.000,0.000
1550620800,10000.000,21469.000,0.000,0.000
1550707200,10000.000,21360.000,0.000,0.000
1550793600,10000.000,21440.000,0.000,0.000
1551052800,10000.000,22150.000,0.000,0.000
1551139200,10000.000,21750.000,0.000,0.000
1551225600,10000.000,21850.000,0.000,0.000
1551312000,10000.000,21930.000,0.000,0.000
1551398400,10000.000,22570.000,0.000,0.000
1551657600,10000.000,22850.000,0.000,0.000
1551744000,10000.000,23010.000,0.000,0.000
1551830400,10000.000,22839.000,0.000,0.000
1551916800,10000.000,22240.000,0.000,0.000
1552003200,10000.000,21750.000,0.000,0.000
1552262400,10000.000,22310.000,0.000,0.000
1552348800,10000.000,22200.000,0.000,0.000
1552435200,10000.000,22220.000,0.000,0.000
1552521600,10000.000,22370.000,0.000,0.000
1552608000,10000.000,23020.000,0.000,0.000
1552867200,10000.000,24260.000,0.000,0.000
1552953600,10000.000,24140.000,0.000,0.000
1553040000,10000.000,24049.000,0.000,0.000
1553126400,10000.000,23840.000,0.000,0.000
1553212800,10000.000,24080.000,0.000,0.000
1553472000,10000.000,23510.000,0.000,0.000
1553558400,10000.000,23650.000,0.000,0.000
1553644800,10000.000,24129.000,0.000,0.000
1553731200,10000.000,24360.000,0.000,0.000
1553817600,10000.000,25270.000,0.000,0.000
1554076800,10000.000,25880.000,0.000,0.000
1554163200,10000.000,25590.000,0.000,0.000
1554249600,10000.000,25600.000,0.000,0.000
1554336000,10000.000,26180.000,0.000,0.000
1554681600,10000.000,26230.000,0.000,0.000
1554768000,10000.000,26780.000,0.000,0.000
1554854400,10000.000,27310.000,0.000,0.000
1554940800,10000.000,26300.000,0.000,0.000
1555027200,10000.000,26190.000,0.000,0.000
1555286400,10000.000,26140.000,0.000,0.000
1555372800,10000.000,26600.000,0.000,0.000
1555459200,10000.000,26790.000,0.000,0.000
1555545600,10000.000,27080.000,0.000,0.000
1555632000,10000.000,27470.000,0.000,0.000
1555891200,10000.000,26950.000,0.000,0.000
1555977600,10000.000,27140.000,0.000,0.000
1556064000,10000.000,27010.000,0.000,0.000
1556150400,10000.000,26469.000,0.000,0.000
1556236800,10000.000,26469.000,0.000,0.000
1556496000,10000.000,26680.000,0.000,0.000
1556582400,10000.000,26890.000,0.000,0.000
1557100800,10000.000,25259.000,0.000,0.000
1557187200,10000.000,25760.000,0.000,0.000
1557273600,10000.000,25660.000,0.000,0.000
1557360000,10000.000,25000.000,0.000,0.000
1557446400,10000.000,26020.000,0.000,0.000
1557705600,10000.000,25950.000,0.000,0.000
1557792000,10000.000,25750.000,0.000,0.000
1557878400,10000.000,26780.000,0.000,0.000
1557964800,10000.000,27110.000,0.000,0.000
1558051200,10000.000,26509.000,0.000,0.000
1558310400,10000.000,25990.000,0.000,0.000
1558396800,10000.000,26240.000,0.000,0.000
1558483200,10000.000,26120.000,0.000,0.000
1558569600,10000.000,25400.000,0.000,0.000
1558656000,10000.000,25630.000,0.000,0.000
1558915200,10000.000,25730.000,0.000,0.000
1559001600,10000.000,26020.000,0.000,0.000
1559088000,10000.000,25990.000,0.000,0.000
1559174400,10000.000,25780.000,0.000,0.000
1559260800,10000.000,25630.000,0.000,0.000
1559520000,10000.000,25640.000,0.000,0.000
1559606400,10000.000,25240.000,0.000,0.000
1559692800,10000.000,25210.000,0.000,0.000
1559779200,10000.000,25030.000,0.000,0.000
1560124800,10000.000,25379.000,0.000,0.000
1560211200,10000.000,26420.000,0.000,0.000
1560297600,10000.000,26200.000,0.000,0.000
1560384000,10000.000,26010.000,0.000,0.000
1560470400,10000.000,25850.000,0.000,0.000
1560729600,10000.000,25700.000,0.000,0.000
1560816000,10000.000,25750.000,0.000,0.000
1560902400,10000.000,26100.000,0.000,0.000
1560988800,10000.000,27060.000,0.000,0.000
1561075200,10000.000,27040.000,0.000,0.000
1561334400,10000.000,27340.000,0.000,0.000
1561420800,10000.000,27270.000,0.000,0.000
1561507200,10000.000,27220.000,0.000,0.000
1561593600,10000.000,27810.000,0.000,0.000
1561680000,10000.000,27890.000,0.000,0.000
1561852800,10000.000,27890.000,0.000,0.000
1561939200,10000.000,29040.000,0.000,0.000
1562025600,10000.000,29150.000,0.000,0.000
1562112000,10000.000,28590.000,0.000,0.000
1562198400,10000.000,28380.000,0.000,0.000
1562284800,10000.000,28950.000,0.000,0.000
1562544000,10000.000,28450.000,0.000,0.000
1562630400,10000.000,28390.000,0.000,0.000
1562716800,10000.000,28510.000,0.000,0.000
1562803200,10000.000,28440.000,0.000,0.000
1562889600,10000.000,28700.000,0.000,0.000
1563148800,10000.000,28520.000,0.000,0.000
1563235200,10000.000,28120.000,0.000,0.000
1563321600,10000.000,28020.000,0.000,0.000
1563408000,10000.000,27690.000,0.000,0.000
1563494400,10000.000,27839.000,0.000,0.000
1563753600,10000.000,27799.000,0.000,0.000
1563840000,10000.000,27620.000,0.000,0.000
1563926400,10000.000,27650.000,0.000,0.000
1564012800,10000.000,27870.000,0.000,0.000
1564099200,10000.000,27870.000,0.000,0.000
1564358400,10000.000,28030.000,0.000,0.000
1564444800,10000.000,28060.000,0.000,0.000
1564531200,10000.000,27750.000,0.000,0.000
1564617600,10000.000,27410.000,0.000,0.000
1564704000,10000.000,27280.000,0.000,0.000
1564963200,10000.000,26870.000,0.000,0.000
1565049600,10000.000,26960.000,0.000,0.000
1565136000,10000.000,26730.000,0.000,0.000
1565222400,10000.000,27150.000,0.000,0.000
1565308800,10000.000,26900.000,0.000,0.000
1565568000,10000.000,27360.000,0.000,0.000
1565654400,10000.000,27320.000,0.000,0.000
1565740800,10000.000,27740.000,0.000,0.000
1565827200,10000.000,27670.000,0.000,0.000
1565913600,10000.000,27860.000,0.000,0.000
1566172800,10000.000,28220.000,0.000,0.000
1566259200,10000.000,28490.000,0.000,0.000
1566345600,10000.000,28450.000,0.000,0.000
1566432000,10000.000,28860.000,0.000,0.000
1566518400,10000.000,28990.000,0.000,0.000
1566777600,10000.000,28580.000,0.000,0.000
1566864000,10000.000,29150.000,0.000,0.000
1566950400,10000.000,29160.000,0.000,0.000
1567036800,10000.000,29300.000,0.000,0.000
1567123200,10000.000,29850.000,0.000,0.000
1567382400,10000.000,30150.000,0.000,0.000
1567468800,10000.000,30030.000,0.000,0.000
1567555200,10000.000,29820.000,0.000,0.000
1567641600,10000.000,29840.000,0.000,0.000
1567728000,10000.000,29790.000,0.000,0.000
1567987200,10000.000,29780.000,0.000,0.000
1568073600,10000.000,29640.000,0.000,0.000
1568160000,10000.000,28769.000,0.000,0.000
1568246400,10000.000,29230.000,0.000,0.000
1568592000,10000.000,29100.000,0.000,0.000
1568678400,10000.000,28990.000,0.000,0.000
1568764800,10000.000,29540.000,0.000,0.000
1568851200,10000.000,29530.000,0.000,0.000
1568937600,10000.000,29550.000,0.000,0.000
1569196800,10000.000,29260.000,0.000,0.000
1569283200,10000.000,29640.000,0.000,0.000
1569369600,10000.000,29450.000,0.000,0.000
1569456000,10000.000,29169.000,0.000,0.000
1569542400,10000.000,29129.000,0.000,0.000
1569801600,10000.000,28860.000,0.000,0.000
1570492800,10000.000,29169.000,0.000,0.000
1570579200,10000.000,28950.000,0.000,0.000
1570665600,10000.000,29030.000,0.000,0.000
1570752000,10000.000,29250.000,0.000,0.000
1571011200,10000.000,29330.000,0.000,0.000
1571097600,10000.000,29670.000,0.000,0.000
1571184000,10000.000,29380.000,0.000,0.000
1571270400,10000.000,29260.000,0.000,0.000
1571356800,10000.000,28920.000,0.000,0.000
1571616000,10000.000,29080.000,0.000,0.000
1571702400,10000.000,29140.000,0.000,0.000
1571788800,10000.000,28769.000,0.000,0.000
1571875200,10000.000,28350.000,0.000,0.000
1571961600,10000.000,28630.000,0.000,0.000
1572220800,10000.000,28980.000,0.000,0.000
1572307200,10000.000,29220.000,0.000,0.000
1572393600,10000.000,28960.000,0.000,0.000
1572480000,10000.000,29210.000,0.000,0.000
1572566400,10000.000,29910.000,0.000,0.000
1572825600,10000.000,30070.000,0.000,0.000
1572912000,10000.000,30120.000,0.000,0.000
1572998400,10000.000,29870.000,0.000,0.000
1573084800,10000.000,29930.000,0.000,0.000
1573171200,10000.000,29940.000,0.000,0.000
1573430400,10000.000,29490.000,0.000,0.000
1573516800,10000.000,29420.000,0.000,0.000
1573603200,10000.000,29670.000,0.000,0.000
1573689600,10000.000,29920.000,0.000,0.000
1573776000,10000.000,29870.000,0.000,0.000
1574035200,10000.000,29820.000,0.000,0.000
1574121600,10000.000,30120.000,0.000,0.000
1574208000,10000.000,30099.000,0.000,0.000
1574294400,10000.000,29930.000,0.000,0.000
1574380800,10000.000,29380.000,0.000,0.000
1574640000,10000.000,29350.000,0.000,0.000
1574726400,10000.000,29610.000,0.000,0.000
1574812800,10000.000,29420.000,0.000,0.000
1574899200,10000.000,29340.000,0.000,0.000
1574985600,10000.000,28730.000,0.000,0.000
1575244800,10000.000,28730.000,0.000,0.000
1575331200,10000.000,28860.000,0.000,0.000
1575417600,10000.000,29049.000,0.000,0.000
1575504000,10000.000,29060.000,0.000,0.000
1575590400,10000.000,29580.000,0.000,0.000
1575849600,10000.000,29440.000,0.000,0.000
1575936000,10000.000,29470.000,0.000,0.000
1576022400,10000.000,29230.000,0.000,0.000
1576108800,10000.000,29080.000,0.000,0.000
1576195200,10000.000,29570.000,0.000,0.000
1576454400,10000.000,29410.000,0.000,0.000
1576540800,10000.000,29640.000,0.000,0.000
1576627200,10000.000,29620.000,0.000,0.000
1576713600,10000.000,29490.000,0.000,0.000
1576800000,10000.000,29420.000,0.000,0.000
1577059200,10000.000,29320.000,0.000,0.000
1577145600,10000.000,29450.000,0.000,0.000
1577232000,10000.000,29200.000,0.000,0.000
1577318400,10000.000,29500.000,0.000,0.000
1577404800,10000.000,29680.000,0.000,0.000
1577664000,10000.000,30480.000,0.000,0.000
1577750400,10000.000,30570.000,0.000,0.000
1577923200,10000.000,30580.000,0.000,0.000
1578009600,10000.000,30139.000,0.000,0.000
1578268800,10000.000,29930.000,0.000,0.000
1578355200,10000.000,30230.000,0.000,0.000
1578441600,10000.000,30310.000,0.000,0.000
1578528000,10000.000,30870.000,0.000,0.000
1578614400,10000.000,31360.000,0.000,0.000
1578873600,10000.000,31460.000,0.000,0.000
1578960000,10000.000,31120.000,0.000,0.000
1579046400,10000.000,31269.000,0.000,0.000
1579132800,10000.000,31330.000,0.000,0.000
1579219200,10000.000,31490.000,0.000,0.000
1579478400,10000.000,31340.000,0.000,0.000
1579564800,10000.000,30710.000,0.000,0.000
1579651200,10000.000,30720.000,0.000,0.000
1579737600,10000.000,29690.000,0.000,0.000
1580688000,10000.000,27310.000,0.000,0.000
1580774400,10000.000,27679.000,0.000,0.000
1580860800,10000.000,27980.000,0.000,0.000
1580947200,10000.000,28320.000,0.000,0.000
1581033600,10000.000,28380.000,0.000,0.000
1581292800,10000.000,28480.000,0.000,0.000
1581379200,10000.000,29110.000,0.000,0.000
1581465600,10000.000,29150.000,0.000,0.000
